"0","install.packages(""FNN"")"
"2","Installing package into ‘/home/pius/R/x86_64-pc-linux-gnu-library/4.4’
(as ‘lib’ is unspecified)
"
"2","trying URL 'https://cloud.r-project.org/src/contrib/FNN_1.1.4.1.tar.gz'
"
"2","Content type 'application/x-gzip'"
"2"," length 78809 bytes (76 KB)
"
"2","="
"2","="
"2","="
"2","="
"2","="
"2","="
"2","="
"2","="
"2","="
"2","="
"2","="
"2","="
"2","="
"2","="
"2","="
"2","="
"2","="
"2","="
"2","="
"2","="
"2","="
"2","="
"2","="
"2","="
"2","="
"2","="
"2","="
"2","="
"2","="
"2","="
"2","="
"2","="
"2","="
"2","="
"2","="
"2","="
"2","="
"2","="
"2","="
"2","="
"2","="
"2","="
"2","="
"2","="
"2","="
"2","="
"2","="
"2","="
"2","="
"2","="
"2","
"
"2","downloaded 76 KB

"
"2","* installing *source* package ‘FNN’ ...
"
"2","** package ‘FNN’ successfully unpacked and MD5 sums checked
"
"2","** using staged installation
"
"2","** libs
"
"2","using C compiler: ‘gcc (Ubuntu 13.3.0-6ubuntu2~24.04) 13.3.0’
"
"2","using C++ compiler: ‘g++ (Ubuntu 13.3.0-6ubuntu2~24.04) 13.3.0’
"
"1","g++ -std=gnu++17 -I""/usr/share/R/include"" -DNDEBUG -Iinclude -DUSING_R -DUSING_RPRINT      -fpic  -g -O2 -fno-omit-frame-pointer -mno-omit-leaf-frame-pointer -ffile-prefix-map=/build/r-base-4sITk6/r-base-4.4.2=. -fstack-protector-strong -fstack-clash-protection -Wformat -Werror=format-security -fcf-protection -fdebug-prefix-map=/build/r-base-4sITk6/r-base-4.4.2=/usr/src/r-base-4.4.2-1.2404.0 -Wdate-time -D_FORTIFY_SOURCE=3   -c ANN.cpp -o ANN.o
"
"1","g++ -std=gnu++17 -I""/usr/share/R/include"" -DNDEBUG -Iinclude -DUSING_R -DUSING_RPRINT      -fpic  -g -O2 -fno-omit-frame-pointer -mno-omit-leaf-frame-pointer -ffile-prefix-map=/build/r-base-4sITk6/r-base-4.4.2=. -fstack-protector-strong -fstack-clash-protection -Wformat -Werror=format-security -fcf-protection -fdebug-prefix-map=/build/r-base-4sITk6/r-base-4.4.2=/usr/src/r-base-4.4.2-1.2404.0 -Wdate-time -D_FORTIFY_SOURCE=3   -c KNN_ANN.cpp -o KNN_ANN.o
"
"1","g++ -std=gnu++17 -I""/usr/share/R/include"" -DNDEBUG -Iinclude -DUSING_R -DUSING_RPRINT      -fpic  -g -O2 -fno-omit-frame-pointer -mno-omit-leaf-frame-pointer -ffile-prefix-map=/build/r-base-4sITk6/r-base-4.4.2=. -fstack-protector-strong -fstack-clash-protection -Wformat -Werror=format-security -fcf-protection -fdebug-prefix-map=/build/r-base-4sITk6/r-base-4.4.2=/usr/src/r-base-4.4.2-1.2404.0 -Wdate-time -D_FORTIFY_SOURCE=3   -c KNN_correlation_distance.cpp -o KNN_correlation_distance.o
"
"1","g++ -std=gnu++17 -I""/usr/share/R/include"" -DNDEBUG -Iinclude -DUSING_R -DUSING_RPRINT      -fpic  -g -O2 -fno-omit-frame-pointer -mno-omit-leaf-frame-pointer -ffile-prefix-map=/build/r-base-4sITk6/r-base-4.4.2=. -fstack-protector-strong -fstack-clash-protection -Wformat -Werror=format-security -fcf-protection -fdebug-prefix-map=/build/r-base-4sITk6/r-base-4.4.2=/usr/src/r-base-4.4.2-1.2404.0 -Wdate-time -D_FORTIFY_SOURCE=3   -c KNN_cover_test.cpp -o KNN_cover_test.o
"
"1","g++ -std=gnu++17 -I""/usr/share/R/include"" -DNDEBUG -Iinclude -DUSING_R -DUSING_RPRINT      -fpic  -g -O2 -fno-omit-frame-pointer -mno-omit-leaf-frame-pointer -ffile-prefix-map=/build/r-base-4sITk6/r-base-4.4.2=. -fstack-protector-strong -fstack-clash-protection -Wformat -Werror=format-security -fcf-protection -fdebug-prefix-map=/build/r-base-4sITk6/r-base-4.4.2=/usr/src/r-base-4.4.2-1.2404.0 -Wdate-time -D_FORTIFY_SOURCE=3   -c KNN_cover_tree.cpp -o KNN_cover_tree.o
"
"1","g++ -std=gnu++17 -I""/usr/share/R/include"" -DNDEBUG -Iinclude -DUSING_R -DUSING_RPRINT      -fpic  -g -O2 -fno-omit-frame-pointer -mno-omit-leaf-frame-pointer -ffile-prefix-map=/build/r-base-4sITk6/r-base-4.4.2=. -fstack-protector-strong -fstack-clash-protection -Wformat -Werror=format-security -fcf-protection -fdebug-prefix-map=/build/r-base-4sITk6/r-base-4.4.2=/usr/src/r-base-4.4.2-1.2404.0 -Wdate-time -D_FORTIFY_SOURCE=3   -c KNN_mutual_information.cpp -o KNN_mutual_information.o
"
"1","g++ -std=gnu++17 -I""/usr/share/R/include"" -DNDEBUG -Iinclude -DUSING_R -DUSING_RPRINT      -fpic  -g -O2 -fno-omit-frame-pointer -mno-omit-leaf-frame-pointer -ffile-prefix-map=/build/r-base-4sITk6/r-base-4.4.2=. -fstack-protector-strong -fstack-clash-protection -Wformat -Werror=format-security -fcf-protection -fdebug-prefix-map=/build/r-base-4sITk6/r-base-4.4.2=/usr/src/r-base-4.4.2-1.2404.0 -Wdate-time -D_FORTIFY_SOURCE=3   -c bd_fix_rad_search.cpp -o bd_fix_rad_search.o
"
"1","g++ -std=gnu++17 -I""/usr/share/R/include"" -DNDEBUG -Iinclude -DUSING_R -DUSING_RPRINT      -fpic  -g -O2 -fno-omit-frame-pointer -mno-omit-leaf-frame-pointer -ffile-prefix-map=/build/r-base-4sITk6/r-base-4.4.2=. -fstack-protector-strong -fstack-clash-protection -Wformat -Werror=format-security -fcf-protection -fdebug-prefix-map=/build/r-base-4sITk6/r-base-4.4.2=/usr/src/r-base-4.4.2-1.2404.0 -Wdate-time -D_FORTIFY_SOURCE=3   -c bd_pr_search.cpp -o bd_pr_search.o
"
"1","g++ -std=gnu++17 -I""/usr/share/R/include"" -DNDEBUG -Iinclude -DUSING_R -DUSING_RPRINT      -fpic  -g -O2 -fno-omit-frame-pointer -mno-omit-leaf-frame-pointer -ffile-prefix-map=/build/r-base-4sITk6/r-base-4.4.2=. -fstack-protector-strong -fstack-clash-protection -Wformat -Werror=format-security -fcf-protection -fdebug-prefix-map=/build/r-base-4sITk6/r-base-4.4.2=/usr/src/r-base-4.4.2-1.2404.0 -Wdate-time -D_FORTIFY_SOURCE=3   -c bd_search.cpp -o bd_search.o
"
"1","g++ -std=gnu++17 -I""/usr/share/R/include"" -DNDEBUG -Iinclude -DUSING_R -DUSING_RPRINT      -fpic  -g -O2 -fno-omit-frame-pointer -mno-omit-leaf-frame-pointer -ffile-prefix-map=/build/r-base-4sITk6/r-base-4.4.2=. -fstack-protector-strong -fstack-clash-protection -Wformat -Werror=format-security -fcf-protection -fdebug-prefix-map=/build/r-base-4sITk6/r-base-4.4.2=/usr/src/r-base-4.4.2-1.2404.0 -Wdate-time -D_FORTIFY_SOURCE=3   -c bd_tree.cpp -o bd_tree.o
"
"1","g++ -std=gnu++17 -I""/usr/share/R/include"" -DNDEBUG -Iinclude -DUSING_R -DUSING_RPRINT      -fpic  -g -O2 -fno-omit-frame-pointer -mno-omit-leaf-frame-pointer -ffile-prefix-map=/build/r-base-4sITk6/r-base-4.4.2=. -fstack-protector-strong -fstack-clash-protection -Wformat -Werror=format-security -fcf-protection -fdebug-prefix-map=/build/r-base-4sITk6/r-base-4.4.2=/usr/src/r-base-4.4.2-1.2404.0 -Wdate-time -D_FORTIFY_SOURCE=3   -c brute.cpp -o brute.o
"
"1","gcc -I""/usr/share/R/include"" -DNDEBUG -Iinclude -DUSING_R -DUSING_RPRINT      -fpic  -g -O2 -fno-omit-frame-pointer -mno-omit-leaf-frame-pointer -ffile-prefix-map=/build/r-base-4sITk6/r-base-4.4.2=. -fstack-protector-strong -fstack-clash-protection -Wformat -Werror=format-security -fcf-protection -fdebug-prefix-map=/build/r-base-4sITk6/r-base-4.4.2=/usr/src/r-base-4.4.2-1.2404.0 -Wdate-time -D_FORTIFY_SOURCE=3  -c init_FNN.c -o init_FNN.o
"
"1","g++ -std=gnu++17 -I""/usr/share/R/include"" -DNDEBUG -Iinclude -DUSING_R -DUSING_RPRINT      -fpic  -g -O2 -fno-omit-frame-pointer -mno-omit-leaf-frame-pointer -ffile-prefix-map=/build/r-base-4sITk6/r-base-4.4.2=. -fstack-protector-strong -fstack-clash-protection -Wformat -Werror=format-security -fcf-protection -fdebug-prefix-map=/build/r-base-4sITk6/r-base-4.4.2=/usr/src/r-base-4.4.2-1.2404.0 -Wdate-time -D_FORTIFY_SOURCE=3   -c kd_dump.cpp -o kd_dump.o
"
"1","g++ -std=gnu++17 -I""/usr/share/R/include"" -DNDEBUG -Iinclude -DUSING_R -DUSING_RPRINT      -fpic  -g -O2 -fno-omit-frame-pointer -mno-omit-leaf-frame-pointer -ffile-prefix-map=/build/r-base-4sITk6/r-base-4.4.2=. -fstack-protector-strong -fstack-clash-protection -Wformat -Werror=format-security -fcf-protection -fdebug-prefix-map=/build/r-base-4sITk6/r-base-4.4.2=/usr/src/r-base-4.4.2-1.2404.0 -Wdate-time -D_FORTIFY_SOURCE=3   -c kd_fix_rad_search.cpp -o kd_fix_rad_search.o
"
"1","g++ -std=gnu++17 -I""/usr/share/R/include"" -DNDEBUG -Iinclude -DUSING_R -DUSING_RPRINT      -fpic  -g -O2 -fno-omit-frame-pointer -mno-omit-leaf-frame-pointer -ffile-prefix-map=/build/r-base-4sITk6/r-base-4.4.2=. -fstack-protector-strong -fstack-clash-protection -Wformat -Werror=format-security -fcf-protection -fdebug-prefix-map=/build/r-base-4sITk6/r-base-4.4.2=/usr/src/r-base-4.4.2-1.2404.0 -Wdate-time -D_FORTIFY_SOURCE=3   -c kd_pr_search.cpp -o kd_pr_search.o
"
"1","g++ -std=gnu++17 -I""/usr/share/R/include"" -DNDEBUG -Iinclude -DUSING_R -DUSING_RPRINT      -fpic  -g -O2 -fno-omit-frame-pointer -mno-omit-leaf-frame-pointer -ffile-prefix-map=/build/r-base-4sITk6/r-base-4.4.2=. -fstack-protector-strong -fstack-clash-protection -Wformat -Werror=format-security -fcf-protection -fdebug-prefix-map=/build/r-base-4sITk6/r-base-4.4.2=/usr/src/r-base-4.4.2-1.2404.0 -Wdate-time -D_FORTIFY_SOURCE=3   -c kd_search.cpp -o kd_search.o
"
"1","g++ -std=gnu++17 -I""/usr/share/R/include"" -DNDEBUG -Iinclude -DUSING_R -DUSING_RPRINT      -fpic  -g -O2 -fno-omit-frame-pointer -mno-omit-leaf-frame-pointer -ffile-prefix-map=/build/r-base-4sITk6/r-base-4.4.2=. -fstack-protector-strong -fstack-clash-protection -Wformat -Werror=format-security -fcf-protection -fdebug-prefix-map=/build/r-base-4sITk6/r-base-4.4.2=/usr/src/r-base-4.4.2-1.2404.0 -Wdate-time -D_FORTIFY_SOURCE=3   -c kd_split.cpp -o kd_split.o
"
"1","g++ -std=gnu++17 -I""/usr/share/R/include"" -DNDEBUG -Iinclude -DUSING_R -DUSING_RPRINT      -fpic  -g -O2 -fno-omit-frame-pointer -mno-omit-leaf-frame-pointer -ffile-prefix-map=/build/r-base-4sITk6/r-base-4.4.2=. -fstack-protector-strong -fstack-clash-protection -Wformat -Werror=format-security -fcf-protection -fdebug-prefix-map=/build/r-base-4sITk6/r-base-4.4.2=/usr/src/r-base-4.4.2-1.2404.0 -Wdate-time -D_FORTIFY_SOURCE=3   -c kd_tree.cpp -o kd_tree.o
"
"1","g++ -std=gnu++17 -I""/usr/share/R/include"" -DNDEBUG -Iinclude -DUSING_R -DUSING_RPRINT      -fpic  -g -O2 -fno-omit-frame-pointer -mno-omit-leaf-frame-pointer -ffile-prefix-map=/build/r-base-4sITk6/r-base-4.4.2=. -fstack-protector-strong -fstack-clash-protection -Wformat -Werror=format-security -fcf-protection -fdebug-prefix-map=/build/r-base-4sITk6/r-base-4.4.2=/usr/src/r-base-4.4.2-1.2404.0 -Wdate-time -D_FORTIFY_SOURCE=3   -c kd_util.cpp -o kd_util.o
"
"1","g++ -std=gnu++17 -I""/usr/share/R/include"" -DNDEBUG -Iinclude -DUSING_R -DUSING_RPRINT      -fpic  -g -O2 -fno-omit-frame-pointer -mno-omit-leaf-frame-pointer -ffile-prefix-map=/build/r-base-4sITk6/r-base-4.4.2=. -fstack-protector-strong -fstack-clash-protection -Wformat -Werror=format-security -fcf-protection -fdebug-prefix-map=/build/r-base-4sITk6/r-base-4.4.2=/usr/src/r-base-4.4.2-1.2404.0 -Wdate-time -D_FORTIFY_SOURCE=3   -c label_point.cpp -o label_point.o
"
"1","g++ -std=gnu++17 -I""/usr/share/R/include"" -DNDEBUG -Iinclude -DUSING_R -DUSING_RPRINT      -fpic  -g -O2 -fno-omit-frame-pointer -mno-omit-leaf-frame-pointer -ffile-prefix-map=/build/r-base-4sITk6/r-base-4.4.2=. -fstack-protector-strong -fstack-clash-protection -Wformat -Werror=format-security -fcf-protection -fdebug-prefix-map=/build/r-base-4sITk6/r-base-4.4.2=/usr/src/r-base-4.4.2-1.2404.0 -Wdate-time -D_FORTIFY_SOURCE=3   -c perf.cpp -o perf.o
"
"1","g++ -std=gnu++17 -shared -L/usr/lib/R/lib -Wl,-Bsymbolic-functions -flto=auto -ffat-lto-objects -Wl,-z,relro -o FNN.so ANN.o KNN_ANN.o KNN_correlation_distance.o KNN_cover_test.o KNN_cover_tree.o KNN_mutual_information.o bd_fix_rad_search.o bd_pr_search.o bd_search.o bd_tree.o brute.o init_FNN.o kd_dump.o kd_fix_rad_search.o kd_pr_search.o kd_search.o kd_split.o kd_tree.o kd_util.o label_point.o perf.o -L/usr/lib/R/lib -lR
"
"1","rm -f *.o core
"
"2","installing to /home/pius/R/x86_64-pc-linux-gnu-library/4.4/00LOCK-FNN/00new/FNN/libs
"
"2","** R
"
"2","** inst
"
"2","** byte-compile and prepare package for lazy loading
"
"2","** help
"
"2","*** installing help indices
"
"2","** building package indices
"
"2","** testing if installed package can be loaded from temporary location
"
"2","** checking absolute paths in shared objects and dynamic libraries
"
"2","** testing if installed package can be loaded from final location
"
"2","** testing if installed package keeps a record of temporary installation path
"
"2","* DONE (FNN)
"
"2","
"
"2",""
"2","The downloaded source packages are in
	‘/tmp/RtmpXgHIas/downloaded_packages’"
"2",""
"2","
"
"0","install.packages(""corrplot"")"
"2","Installing package into ‘/home/pius/R/x86_64-pc-linux-gnu-library/4.4’
(as ‘lib’ is unspecified)
"
"2","trying URL 'https://cloud.r-project.org/src/contrib/corrplot_0.95.tar.gz'
"
"2","Content type 'application/x-gzip'"
"2"," length 3745190 bytes (3.6 MB)
"
"2","="
"2","="
"2","="
"2","="
"2","="
"2","="
"2","="
"2","="
"2","="
"2","="
"2","="
"2","="
"2","="
"2","="
"2","="
"2","="
"2","="
"2","="
"2","="
"2","="
"2","="
"2","="
"2","="
"2","="
"2","="
"2","="
"2","="
"2","="
"2","="
"2","="
"2","="
"2","="
"2","="
"2","="
"2","="
"2","="
"2","="
"2","="
"2","="
"2","="
"2","="
"2","="
"2","="
"2","="
"2","="
"2","="
"2","="
"2","="
"2","="
"2","="
"2","
"
"2","downloaded 3.6 MB

"
"2","* installing *source* package ‘corrplot’ ...
"
"2","** package ‘corrplot’ successfully unpacked and MD5 sums checked
"
"2","** using staged installation
"
"2","** R
"
"2","** inst
"
"2","** byte-compile and prepare package for lazy loading
"
"2","** help
"
"2","*** installing help indices
"
"2","** building package indices
"
"2","** installing vignettes
"
"2","** testing if installed package can be loaded from temporary location
"
"2","** testing if installed package can be loaded from final location
"
"2","** testing if installed package keeps a record of temporary installation path
"
"2","* DONE (corrplot)
"
"2","
"
"2",""
"2","The downloaded source packages are in
	‘/tmp/RtmpXgHIas/downloaded_packages’"
"2",""
"2","
"
"0","install.packages(""tree"")"
"2","Installing package into ‘/home/pius/R/x86_64-pc-linux-gnu-library/4.4’
(as ‘lib’ is unspecified)
"
"2","trying URL 'https://cloud.r-project.org/src/contrib/tree_1.0-44.tar.gz'
"
"2","Content type 'application/x-gzip'"
"2"," length 49521 bytes (48 KB)
"
"2","="
"2","="
"2","="
"2","="
"2","="
"2","="
"2","="
"2","="
"2","="
"2","="
"2","="
"2","="
"2","="
"2","="
"2","="
"2","="
"2","="
"2","="
"2","="
"2","="
"2","="
"2","="
"2","="
"2","="
"2","="
"2","="
"2","="
"2","="
"2","="
"2","="
"2","="
"2","="
"2","="
"2","="
"2","="
"2","="
"2","="
"2","="
"2","="
"2","="
"2","="
"2","="
"2","="
"2","="
"2","="
"2","="
"2","="
"2","="
"2","="
"2","="
"2","
"
"2","downloaded 48 KB

"
"2","* installing *source* package ‘tree’ ...
"
"2","** package ‘tree’ successfully unpacked and MD5 sums checked
"
"2","** using staged installation
"
"2","** libs
"
"2","using C compiler: ‘gcc (Ubuntu 13.3.0-6ubuntu2~24.04) 13.3.0’
"
"1","gcc -I""/usr/share/R/include"" -DNDEBUG       -fpic  -g -O2 -fno-omit-frame-pointer -mno-omit-leaf-frame-pointer -ffile-prefix-map=/build/r-base-4sITk6/r-base-4.4.2=. -fstack-protector-strong -fstack-clash-protection -Wformat -Werror=format-security -fcf-protection -fdebug-prefix-map=/build/r-base-4sITk6/r-base-4.4.2=/usr/src/r-base-4.4.2-1.2404.0 -Wdate-time -D_FORTIFY_SOURCE=3  -c grow.c -o grow.o
"
"1","gcc -I""/usr/share/R/include"" -DNDEBUG       -fpic  -g -O2 -fno-omit-frame-pointer -mno-omit-leaf-frame-pointer -ffile-prefix-map=/build/r-base-4sITk6/r-base-4.4.2=. -fstack-protector-strong -fstack-clash-protection -Wformat -Werror=format-security -fcf-protection -fdebug-prefix-map=/build/r-base-4sITk6/r-base-4.4.2=/usr/src/r-base-4.4.2-1.2404.0 -Wdate-time -D_FORTIFY_SOURCE=3  -c init.c -o init.o
"
"1","gcc -I""/usr/share/R/include"" -DNDEBUG       -fpic  -g -O2 -fno-omit-frame-pointer -mno-omit-leaf-frame-pointer -ffile-prefix-map=/build/r-base-4sITk6/r-base-4.4.2=. -fstack-protector-strong -fstack-clash-protection -Wformat -Werror=format-security -fcf-protection -fdebug-prefix-map=/build/r-base-4sITk6/r-base-4.4.2=/usr/src/r-base-4.4.2-1.2404.0 -Wdate-time -D_FORTIFY_SOURCE=3  -c treefix.c -o treefix.o
"
"1","gcc -shared -L/usr/lib/R/lib -Wl,-Bsymbolic-functions -flto=auto -ffat-lto-objects -Wl,-z,relro -o tree.so grow.o init.o treefix.o -L/usr/lib/R/lib -lR
"
"2","installing to /home/pius/R/x86_64-pc-linux-gnu-library/4.4/00LOCK-tree/00new/tree/libs
"
"2","** R
"
"2","** inst
"
"2","** byte-compile and prepare package for lazy loading
"
"2","** help
"
"2","*** installing help indices
"
"2","** building package indices
"
"2","** testing if installed package can be loaded from temporary location
"
"2","** checking absolute paths in shared objects and dynamic libraries
"
"2","** testing if installed package can be loaded from final location
"
"2","** testing if installed package keeps a record of temporary installation path
"
"2","* DONE (tree)
"
"2","
"
"2",""
"2","The downloaded source packages are in
	‘/tmp/RtmpXgHIas/downloaded_packages’"
"2",""
"2","
"
"0","install.packages(""caret"")"
"2","Installing package into ‘/home/pius/R/x86_64-pc-linux-gnu-library/4.4’
(as ‘lib’ is unspecified)
"
"2","also installing the dependencies ‘listenv’, ‘parallelly’, ‘future’, ‘globals’, ‘shape’, ‘future.apply’, ‘numDeriv’, ‘progressr’, ‘SQUAREM’, ‘diagram’, ‘lava’, ‘prodlim’, ‘iterators’, ‘clock’, ‘gower’, ‘hardhat’, ‘ipred’, ‘timeDate’, ‘foreach’, ‘ModelMetrics’, ‘plyr’, ‘pROC’, ‘recipes’, ‘reshape2’

"
"2","trying URL 'https://cloud.r-project.org/src/contrib/listenv_0.9.1.tar.gz'
"
"2","Content type 'application/x-gzip'"
"2"," length 36600 bytes (35 KB)
"
"2","="
"2","="
"2","="
"2","="
"2","="
"2","="
"2","="
"2","="
"2","="
"2","="
"2","="
"2","="
"2","="
"2","="
"2","="
"2","="
"2","="
"2","="
"2","="
"2","="
"2","="
"2","="
"2","="
"2","="
"2","="
"2","="
"2","="
"2","="
"2","="
"2","="
"2","="
"2","="
"2","="
"2","="
"2","="
"2","="
"2","="
"2","="
"2","="
"2","="
"2","="
"2","="
"2","="
"2","="
"2","="
"2","="
"2","="
"2","="
"2","="
"2","="
"2","
"
"2","downloaded 35 KB

"
"2","trying URL 'https://cloud.r-project.org/src/contrib/parallelly_1.41.0.tar.gz'
"
"2","Content type 'application/x-gzip'"
"2"," length 271820 bytes (265 KB)
"
"2","="
"2","="
"2","="
"2","="
"2","="
"2","="
"2","="
"2","="
"2","="
"2","="
"2","="
"2","="
"2","="
"2","="
"2","="
"2","="
"2","="
"2","="
"2","="
"2","="
"2","="
"2","="
"2","="
"2","="
"2","="
"2","="
"2","="
"2","="
"2","="
"2","="
"2","="
"2","="
"2","="
"2","="
"2","="
"2","="
"2","="
"2","="
"2","="
"2","="
"2","="
"2","="
"2","="
"2","="
"2","="
"2","="
"2","="
"2","="
"2","="
"2","="
"2","
"
"2","downloaded 265 KB

"
"2","trying URL 'https://cloud.r-project.org/src/contrib/future_1.34.0.tar.gz'
"
"2","Content type 'application/x-gzip'"
"2"," length 359503 bytes (351 KB)
"
"2","="
"2","="
"2","="
"2","="
"2","="
"2","="
"2","="
"2","="
"2","="
"2","="
"2","="
"2","="
"2","="
"2","="
"2","="
"2","="
"2","="
"2","="
"2","="
"2","="
"2","="
"2","="
"2","="
"2","="
"2","="
"2","="
"2","="
"2","="
"2","="
"2","="
"2","="
"2","="
"2","="
"2","="
"2","="
"2","="
"2","="
"2","="
"2","="
"2","="
"2","="
"2","="
"2","="
"2","="
"2","="
"2","="
"2","="
"2","="
"2","="
"2","="
"2","
"
"2","downloaded 351 KB

"
"2","trying URL 'https://cloud.r-project.org/src/contrib/globals_0.16.3.tar.gz'
"
"2","Content type 'application/x-gzip'"
"2"," length 37475 bytes (36 KB)
"
"2","="
"2","="
"2","="
"2","="
"2","="
"2","="
"2","="
"2","="
"2","="
"2","="
"2","="
"2","="
"2","="
"2","="
"2","="
"2","="
"2","="
"2","="
"2","="
"2","="
"2","="
"2","="
"2","="
"2","="
"2","="
"2","="
"2","="
"2","="
"2","="
"2","="
"2","="
"2","="
"2","="
"2","="
"2","="
"2","="
"2","="
"2","="
"2","="
"2","="
"2","="
"2","="
"2","="
"2","="
"2","="
"2","="
"2","="
"2","="
"2","="
"2","="
"2","
"
"2","downloaded 36 KB

"
"2","trying URL 'https://cloud.r-project.org/src/contrib/shape_1.4.6.1.tar.gz'
"
"2","Content type 'application/x-gzip'"
"2"," length 646412 bytes (631 KB)
"
"2","="
"2","="
"2","="
"2","="
"2","="
"2","="
"2","="
"2","="
"2","="
"2","="
"2","="
"2","="
"2","="
"2","="
"2","="
"2","="
"2","="
"2","="
"2","="
"2","="
"2","="
"2","="
"2","="
"2","="
"2","="
"2","="
"2","="
"2","="
"2","="
"2","="
"2","="
"2","="
"2","="
"2","="
"2","="
"2","="
"2","="
"2","="
"2","="
"2","="
"2","="
"2","="
"2","="
"2","="
"2","="
"2","="
"2","="
"2","="
"2","="
"2","="
"2","
"
"2","downloaded 631 KB

"
"2","trying URL 'https://cloud.r-project.org/src/contrib/future.apply_1.11.3.tar.gz'
"
"2","Content type 'application/x-gzip'"
"2"," length 60355 bytes (58 KB)
"
"2","="
"2","="
"2","="
"2","="
"2","="
"2","="
"2","="
"2","="
"2","="
"2","="
"2","="
"2","="
"2","="
"2","="
"2","="
"2","="
"2","="
"2","="
"2","="
"2","="
"2","="
"2","="
"2","="
"2","="
"2","="
"2","="
"2","="
"2","="
"2","="
"2","="
"2","="
"2","="
"2","="
"2","="
"2","="
"2","="
"2","="
"2","="
"2","="
"2","="
"2","="
"2","="
"2","="
"2","="
"2","="
"2","="
"2","="
"2","="
"2","="
"2","="
"2","
"
"2","downloaded 58 KB

"
"2","trying URL 'https://cloud.r-project.org/src/contrib/numDeriv_2016.8-1.1.tar.gz'
"
"2","Content type 'application/x-gzip'"
"2"," length 76053 bytes (74 KB)
"
"2","="
"2","="
"2","="
"2","="
"2","="
"2","="
"2","="
"2","="
"2","="
"2","="
"2","="
"2","="
"2","="
"2","="
"2","="
"2","="
"2","="
"2","="
"2","="
"2","="
"2","="
"2","="
"2","="
"2","="
"2","="
"2","="
"2","="
"2","="
"2","="
"2","="
"2","="
"2","="
"2","="
"2","="
"2","="
"2","="
"2","="
"2","="
"2","="
"2","="
"2","="
"2","="
"2","="
"2","="
"2","="
"2","="
"2","="
"2","="
"2","="
"2","="
"2","
"
"2","downloaded 74 KB

"
"2","trying URL 'https://cloud.r-project.org/src/contrib/progressr_0.15.1.tar.gz'
"
"2","Content type 'application/x-gzip'"
"2"," length 216552 bytes (211 KB)
"
"2","="
"2","="
"2","="
"2","="
"2","="
"2","="
"2","="
"2","="
"2","="
"2","="
"2","="
"2","="
"2","="
"2","="
"2","="
"2","="
"2","="
"2","="
"2","="
"2","="
"2","="
"2","="
"2","="
"2","="
"2","="
"2","="
"2","="
"2","="
"2","="
"2","="
"2","="
"2","="
"2","="
"2","="
"2","="
"2","="
"2","="
"2","="
"2","="
"2","="
"2","="
"2","="
"2","="
"2","="
"2","="
"2","="
"2","="
"2","="
"2","="
"2","="
"2","
"
"2","downloaded 211 KB

"
"2","trying URL 'https://cloud.r-project.org/src/contrib/SQUAREM_2021.1.tar.gz'
"
"2","Content type 'application/x-gzip'"
"2"," length 241534 bytes (235 KB)
"
"2","="
"2","="
"2","="
"2","="
"2","="
"2","="
"2","="
"2","="
"2","="
"2","="
"2","="
"2","="
"2","="
"2","="
"2","="
"2","="
"2","="
"2","="
"2","="
"2","="
"2","="
"2","="
"2","="
"2","="
"2","="
"2","="
"2","="
"2","="
"2","="
"2","="
"2","="
"2","="
"2","="
"2","="
"2","="
"2","="
"2","="
"2","="
"2","="
"2","="
"2","="
"2","="
"2","="
"2","="
"2","="
"2","="
"2","="
"2","="
"2","="
"2","="
"2","
"
"2","downloaded 235 KB

"
"2","trying URL 'https://cloud.r-project.org/src/contrib/diagram_1.6.5.tar.gz'
"
"2","Content type 'application/x-gzip'"
"2"," length 536872 bytes (524 KB)
"
"2","="
"2","="
"2","="
"2","="
"2","="
"2","="
"2","="
"2","="
"2","="
"2","="
"2","="
"2","="
"2","="
"2","="
"2","="
"2","="
"2","="
"2","="
"2","="
"2","="
"2","="
"2","="
"2","="
"2","="
"2","="
"2","="
"2","="
"2","="
"2","="
"2","="
"2","="
"2","="
"2","="
"2","="
"2","="
"2","="
"2","="
"2","="
"2","="
"2","="
"2","="
"2","="
"2","="
"2","="
"2","="
"2","="
"2","="
"2","="
"2","="
"2","="
"2","
"
"2","downloaded 524 KB

"
"2","trying URL 'https://cloud.r-project.org/src/contrib/lava_1.8.0.tar.gz'
"
"2","Content type 'application/x-gzip'"
"2"," length 1169695 bytes (1.1 MB)
"
"2","="
"2","="
"2","="
"2","="
"2","="
"2","="
"2","="
"2","="
"2","="
"2","="
"2","="
"2","="
"2","="
"2","="
"2","="
"2","="
"2","="
"2","="
"2","="
"2","="
"2","="
"2","="
"2","="
"2","="
"2","="
"2","="
"2","="
"2","="
"2","="
"2","="
"2","="
"2","="
"2","="
"2","="
"2","="
"2","="
"2","="
"2","="
"2","="
"2","="
"2","="
"2","="
"2","="
"2","="
"2","="
"2","="
"2","="
"2","="
"2","="
"2","="
"2","
"
"2","downloaded 1.1 MB

"
"2","trying URL 'https://cloud.r-project.org/src/contrib/prodlim_2024.06.25.tar.gz'
"
"2","Content type 'application/x-gzip'"
"2"," length 129011 bytes (125 KB)
"
"2","="
"2","="
"2","="
"2","="
"2","="
"2","="
"2","="
"2","="
"2","="
"2","="
"2","="
"2","="
"2","="
"2","="
"2","="
"2","="
"2","="
"2","="
"2","="
"2","="
"2","="
"2","="
"2","="
"2","="
"2","="
"2","="
"2","="
"2","="
"2","="
"2","="
"2","="
"2","="
"2","="
"2","="
"2","="
"2","="
"2","="
"2","="
"2","="
"2","="
"2","="
"2","="
"2","="
"2","="
"2","="
"2","="
"2","="
"2","="
"2","="
"2","="
"2","
"
"2","downloaded 125 KB

"
"2","trying URL 'https://cloud.r-project.org/src/contrib/iterators_1.0.14.tar.gz'
"
"2","Content type 'application/x-gzip'"
"2"," length 300266 bytes (293 KB)
"
"2","="
"2","="
"2","="
"2","="
"2","="
"2","="
"2","="
"2","="
"2","="
"2","="
"2","="
"2","="
"2","="
"2","="
"2","="
"2","="
"2","="
"2","="
"2","="
"2","="
"2","="
"2","="
"2","="
"2","="
"2","="
"2","="
"2","="
"2","="
"2","="
"2","="
"2","="
"2","="
"2","="
"2","="
"2","="
"2","="
"2","="
"2","="
"2","="
"2","="
"2","="
"2","="
"2","="
"2","="
"2","="
"2","="
"2","="
"2","="
"2","="
"2","="
"2","
"
"2","downloaded 293 KB

"
"2","trying URL 'https://cloud.r-project.org/src/contrib/clock_0.7.1.tar.gz'
"
"2","Content type 'application/x-gzip'"
"2"," length 556867 bytes (543 KB)
"
"2","="
"2","="
"2","="
"2","="
"2","="
"2","="
"2","="
"2","="
"2","="
"2","="
"2","="
"2","="
"2","="
"2","="
"2","="
"2","="
"2","="
"2","="
"2","="
"2","="
"2","="
"2","="
"2","="
"2","="
"2","="
"2","="
"2","="
"2","="
"2","="
"2","="
"2","="
"2","="
"2","="
"2","="
"2","="
"2","="
"2","="
"2","="
"2","="
"2","="
"2","="
"2","="
"2","="
"2","="
"2","="
"2","="
"2","="
"2","="
"2","="
"2","="
"2","
"
"2","downloaded 543 KB

"
"2","trying URL 'https://cloud.r-project.org/src/contrib/gower_1.0.2.tar.gz'
"
"2","Content type 'application/x-gzip'"
"2"," length 187966 bytes (183 KB)
"
"2","="
"2","="
"2","="
"2","="
"2","="
"2","="
"2","="
"2","="
"2","="
"2","="
"2","="
"2","="
"2","="
"2","="
"2","="
"2","="
"2","="
"2","="
"2","="
"2","="
"2","="
"2","="
"2","="
"2","="
"2","="
"2","="
"2","="
"2","="
"2","="
"2","="
"2","="
"2","="
"2","="
"2","="
"2","="
"2","="
"2","="
"2","="
"2","="
"2","="
"2","="
"2","="
"2","="
"2","="
"2","="
"2","="
"2","="
"2","="
"2","="
"2","="
"2","
"
"2","downloaded 183 KB

"
"2","trying URL 'https://cloud.r-project.org/src/contrib/hardhat_1.4.0.tar.gz'
"
"2","Content type 'application/x-gzip'"
"2"," length 611157 bytes (596 KB)
"
"2","="
"2","="
"2","="
"2","="
"2","="
"2","="
"2","="
"2","="
"2","="
"2","="
"2","="
"2","="
"2","="
"2","="
"2","="
"2","="
"2","="
"2","="
"2","="
"2","="
"2","="
"2","="
"2","="
"2","="
"2","="
"2","="
"2","="
"2","="
"2","="
"2","="
"2","="
"2","="
"2","="
"2","="
"2","="
"2","="
"2","="
"2","="
"2","="
"2","="
"2","="
"2","="
"2","="
"2","="
"2","="
"2","="
"2","="
"2","="
"2","="
"2","="
"2","
"
"2","downloaded 596 KB

"
"2","trying URL 'https://cloud.r-project.org/src/contrib/ipred_0.9-15.tar.gz'
"
"2","Content type 'application/x-gzip'"
"2"," length 174094 bytes (170 KB)
"
"2","="
"2","="
"2","="
"2","="
"2","="
"2","="
"2","="
"2","="
"2","="
"2","="
"2","="
"2","="
"2","="
"2","="
"2","="
"2","="
"2","="
"2","="
"2","="
"2","="
"2","="
"2","="
"2","="
"2","="
"2","="
"2","="
"2","="
"2","="
"2","="
"2","="
"2","="
"2","="
"2","="
"2","="
"2","="
"2","="
"2","="
"2","="
"2","="
"2","="
"2","="
"2","="
"2","="
"2","="
"2","="
"2","="
"2","="
"2","="
"2","="
"2","="
"2","
"
"2","downloaded 170 KB

"
"2","trying URL 'https://cloud.r-project.org/src/contrib/timeDate_4041.110.tar.gz'
"
"2","Content type 'application/x-gzip'"
"2"," length 353292 bytes (345 KB)
"
"2","="
"2","="
"2","="
"2","="
"2","="
"2","="
"2","="
"2","="
"2","="
"2","="
"2","="
"2","="
"2","="
"2","="
"2","="
"2","="
"2","="
"2","="
"2","="
"2","="
"2","="
"2","="
"2","="
"2","="
"2","="
"2","="
"2","="
"2","="
"2","="
"2","="
"2","="
"2","="
"2","="
"2","="
"2","="
"2","="
"2","="
"2","="
"2","="
"2","="
"2","="
"2","="
"2","="
"2","="
"2","="
"2","="
"2","="
"2","="
"2","="
"2","="
"2","
"
"2","downloaded 345 KB

"
"2","trying URL 'https://cloud.r-project.org/src/contrib/foreach_1.5.2.tar.gz'
"
"2","Content type 'application/x-gzip'"
"2"," length 89758 bytes (87 KB)
"
"2","="
"2","="
"2","="
"2","="
"2","="
"2","="
"2","="
"2","="
"2","="
"2","="
"2","="
"2","="
"2","="
"2","="
"2","="
"2","="
"2","="
"2","="
"2","="
"2","="
"2","="
"2","="
"2","="
"2","="
"2","="
"2","="
"2","="
"2","="
"2","="
"2","="
"2","="
"2","="
"2","="
"2","="
"2","="
"2","="
"2","="
"2","="
"2","="
"2","="
"2","="
"2","="
"2","="
"2","="
"2","="
"2","="
"2","="
"2","="
"2","="
"2","="
"2","
"
"2","downloaded 87 KB

"
"2","trying URL 'https://cloud.r-project.org/src/contrib/ModelMetrics_1.2.2.2.tar.gz'
"
"2","Content type 'application/x-gzip'"
"2"," length 17078 bytes (16 KB)
"
"2","="
"2","="
"2","="
"2","="
"2","="
"2","="
"2","="
"2","="
"2","="
"2","="
"2","="
"2","="
"2","="
"2","="
"2","="
"2","="
"2","="
"2","="
"2","="
"2","="
"2","="
"2","="
"2","="
"2","="
"2","="
"2","="
"2","="
"2","="
"2","="
"2","="
"2","="
"2","="
"2","="
"2","="
"2","="
"2","="
"2","="
"2","="
"2","="
"2","="
"2","="
"2","="
"2","="
"2","="
"2","="
"2","="
"2","="
"2","="
"2","="
"2","="
"2","
"
"2","downloaded 16 KB

"
"2","trying URL 'https://cloud.r-project.org/src/contrib/plyr_1.8.9.tar.gz'
"
"2","Content type 'application/x-gzip'"
"2"," length 401488 bytes (392 KB)
"
"2","="
"2","="
"2","="
"2","="
"2","="
"2","="
"2","="
"2","="
"2","="
"2","="
"2","="
"2","="
"2","="
"2","="
"2","="
"2","="
"2","="
"2","="
"2","="
"2","="
"2","="
"2","="
"2","="
"2","="
"2","="
"2","="
"2","="
"2","="
"2","="
"2","="
"2","="
"2","="
"2","="
"2","="
"2","="
"2","="
"2","="
"2","="
"2","="
"2","="
"2","="
"2","="
"2","="
"2","="
"2","="
"2","="
"2","="
"2","="
"2","="
"2","="
"2","
"
"2","downloaded 392 KB

"
"2","trying URL 'https://cloud.r-project.org/src/contrib/pROC_1.18.5.tar.gz'
"
"2","Content type 'application/x-gzip'"
"2"," length 696162 bytes (679 KB)
"
"2","="
"2","="
"2","="
"2","="
"2","="
"2","="
"2","="
"2","="
"2","="
"2","="
"2","="
"2","="
"2","="
"2","="
"2","="
"2","="
"2","="
"2","="
"2","="
"2","="
"2","="
"2","="
"2","="
"2","="
"2","="
"2","="
"2","="
"2","="
"2","="
"2","="
"2","="
"2","="
"2","="
"2","="
"2","="
"2","="
"2","="
"2","="
"2","="
"2","="
"2","="
"2","="
"2","="
"2","="
"2","="
"2","="
"2","="
"2","="
"2","="
"2","="
"2","
"
"2","downloaded 679 KB

"
"2","trying URL 'https://cloud.r-project.org/src/contrib/recipes_1.1.0.tar.gz'
"
"2","Content type 'application/x-gzip'"
"2"," length 840713 bytes (821 KB)
"
"2","="
"2","="
"2","="
"2","="
"2","="
"2","="
"2","="
"2","="
"2","="
"2","="
"2","="
"2","="
"2","="
"2","="
"2","="
"2","="
"2","="
"2","="
"2","="
"2","="
"2","="
"2","="
"2","="
"2","="
"2","="
"2","="
"2","="
"2","="
"2","="
"2","="
"2","="
"2","="
"2","="
"2","="
"2","="
"2","="
"2","="
"2","="
"2","="
"2","="
"2","="
"2","="
"2","="
"2","="
"2","="
"2","="
"2","="
"2","="
"2","="
"2","="
"2","
"
"2","downloaded 821 KB

"
"2","trying URL 'https://cloud.r-project.org/src/contrib/reshape2_1.4.4.tar.gz'
"
"2","Content type 'application/x-gzip'"
"2"," length 37307 bytes (36 KB)
"
"2","="
"2","="
"2","="
"2","="
"2","="
"2","="
"2","="
"2","="
"2","="
"2","="
"2","="
"2","="
"2","="
"2","="
"2","="
"2","="
"2","="
"2","="
"2","="
"2","="
"2","="
"2","="
"2","="
"2","="
"2","="
"2","="
"2","="
"2","="
"2","="
"2","="
"2","="
"2","="
"2","="
"2","="
"2","="
"2","="
"2","="
"2","="
"2","="
"2","="
"2","="
"2","="
"2","="
"2","="
"2","="
"2","="
"2","="
"2","="
"2","="
"2","="
"2","
"
"2","downloaded 36 KB

"
"2","trying URL 'https://cloud.r-project.org/src/contrib/caret_7.0-1.tar.gz'
"
"2","Content type 'application/x-gzip'"
"2"," length 2273919 bytes (2.2 MB)
"
"2","="
"2","="
"2","="
"2","="
"2","="
"2","="
"2","="
"2","="
"2","="
"2","="
"2","="
"2","="
"2","="
"2","="
"2","="
"2","="
"2","="
"2","="
"2","="
"2","="
"2","="
"2","="
"2","="
"2","="
"2","="
"2","="
"2","="
"2","="
"2","="
"2","="
"2","="
"2","="
"2","="
"2","="
"2","="
"2","="
"2","="
"2","="
"2","="
"2","="
"2","="
"2","="
"2","="
"2","="
"2","="
"2","="
"2","="
"2","="
"2","="
"2","="
"2","
"
"2","downloaded 2.2 MB

"
"2","* installing *source* package ‘listenv’ ...
"
"2","** package ‘listenv’ successfully unpacked and MD5 sums checked
"
"2","** using staged installation
"
"2","** R
"
"2","** inst
"
"2","** byte-compile and prepare package for lazy loading
"
"2","** help
"
"2","*** installing help indices
"
"2","** building package indices
"
"2","** installing vignettes
"
"2","** testing if installed package can be loaded from temporary location
"
"2","** testing if installed package can be loaded from final location
"
"2","** testing if installed package keeps a record of temporary installation path
"
"2","* DONE (listenv)
"
"2","* installing *source* package ‘parallelly’ ...
"
"2","** package ‘parallelly’ successfully unpacked and MD5 sums checked
"
"2","** using staged installation
"
"2","** libs
"
"2","using C compiler: ‘gcc (Ubuntu 13.3.0-6ubuntu2~24.04) 13.3.0’
"
"1","gcc -I""/usr/share/R/include"" -DNDEBUG       -fpic  -g -O2 -fno-omit-frame-pointer -mno-omit-leaf-frame-pointer -ffile-prefix-map=/build/r-base-4sITk6/r-base-4.4.2=. -fstack-protector-strong -fstack-clash-protection -Wformat -Werror=format-security -fcf-protection -fdebug-prefix-map=/build/r-base-4sITk6/r-base-4.4.2=/usr/src/r-base-4.4.2-1.2404.0 -Wdate-time -D_FORTIFY_SOURCE=3  -c 000.init.c -o 000.init.o
"
"1","gcc -I""/usr/share/R/include"" -DNDEBUG       -fpic  -g -O2 -fno-omit-frame-pointer -mno-omit-leaf-frame-pointer -ffile-prefix-map=/build/r-base-4sITk6/r-base-4.4.2=. -fstack-protector-strong -fstack-clash-protection -Wformat -Werror=format-security -fcf-protection -fdebug-prefix-map=/build/r-base-4sITk6/r-base-4.4.2=/usr/src/r-base-4.4.2-1.2404.0 -Wdate-time -D_FORTIFY_SOURCE=3  -c calc-serialized-size.c -o calc-serialized-size.o
"
"1","gcc -I""/usr/share/R/include"" -DNDEBUG       -fpic  -g -O2 -fno-omit-frame-pointer -mno-omit-leaf-frame-pointer -ffile-prefix-map=/build/r-base-4sITk6/r-base-4.4.2=. -fstack-protector-strong -fstack-clash-protection -Wformat -Werror=format-security -fcf-protection -fdebug-prefix-map=/build/r-base-4sITk6/r-base-4.4.2=/usr/src/r-base-4.4.2-1.2404.0 -Wdate-time -D_FORTIFY_SOURCE=3  -c test_tcp_port.c -o test_tcp_port.o
"
"1","gcc -shared -L/usr/lib/R/lib -Wl,-Bsymbolic-functions -flto=auto -ffat-lto-objects -Wl,-z,relro -o parallelly.so 000.init.o calc-serialized-size.o test_tcp_port.o -L/usr/lib/R/lib -lR
"
"2","installing to /home/pius/R/x86_64-pc-linux-gnu-library/4.4/00LOCK-parallelly/00new/parallelly/libs
"
"2","** R
"
"2","** inst
"
"2","** byte-compile and prepare package for lazy loading
"
"2","** help
"
"2","*** installing help indices
"
"2","*** copying figures
"
"2","** building package indices
"
"2","** installing vignettes
"
"2","** testing if installed package can be loaded from temporary location
"
"2","** checking absolute paths in shared objects and dynamic libraries
"
"2","** testing if installed package can be loaded from final location
"
"2","** testing if installed package keeps a record of temporary installation path
"
"2","* DONE (parallelly)
"
"2","* installing *source* package ‘globals’ ...
"
"2","** package ‘globals’ successfully unpacked and MD5 sums checked
"
"2","** using staged installation
"
"2","** R
"
"2","** inst
"
"2","** byte-compile and prepare package for lazy loading
"
"2","** help
"
"2","*** installing help indices
"
"2","** building package indices
"
"2","** testing if installed package can be loaded from temporary location
"
"2","** testing if installed package can be loaded from final location
"
"2","** testing if installed package keeps a record of temporary installation path
"
"2","* DONE (globals)
"
"2","* installing *source* package ‘shape’ ...
"
"2","** package ‘shape’ successfully unpacked and MD5 sums checked
"
"2","** using staged installation
"
"2","** R
"
"2","** demo
"
"2","** inst
"
"2","** byte-compile and prepare package for lazy loading
"
"2","** help
"
"2","*** installing help indices
"
"2","** building package indices
"
"2","** installing vignettes
"
"2","** testing if installed package can be loaded from temporary location
"
"2","** testing if installed package can be loaded from final location
"
"2","** testing if installed package keeps a record of temporary installation path
"
"2","* DONE (shape)
"
"2","* installing *source* package ‘numDeriv’ ...
"
"2","** package ‘numDeriv’ successfully unpacked and MD5 sums checked
"
"2","** using staged installation
"
"2","** R
"
"2","** inst
"
"2","** byte-compile and prepare package for lazy loading
"
"2","** help
"
"2","*** installing help indices
"
"2","** building package indices
"
"2","** installing vignettes
"
"2","** testing if installed package can be loaded from temporary location
"
"2","** testing if installed package can be loaded from final location
"
"2","** testing if installed package keeps a record of temporary installation path
"
"2","* DONE (numDeriv)
"
"2","* installing *source* package ‘progressr’ ...
"
"2","** package ‘progressr’ successfully unpacked and MD5 sums checked
"
"2","** using staged installation
"
"2","** R
"
"2","** demo
"
"2","** inst
"
"2","** byte-compile and prepare package for lazy loading
"
"2","** help
"
"2","*** installing help indices
"
"2","*** copying figures
"
"2","** building package indices
"
"2","** installing vignettes
"
"2","** testing if installed package can be loaded from temporary location
"
"2","** testing if installed package can be loaded from final location
"
"2","** testing if installed package keeps a record of temporary installation path
"
"2","* DONE (progressr)
"
"2","* installing *source* package ‘SQUAREM’ ...
"
"2","** package ‘SQUAREM’ successfully unpacked and MD5 sums checked
"
"2","** using staged installation
"
"2","** R
"
"2","** demo
"
"2","** inst
"
"2","** byte-compile and prepare package for lazy loading
"
"2","** help
"
"2","*** installing help indices
"
"2","** building package indices
"
"2","** installing vignettes
"
"2","** testing if installed package can be loaded from temporary location
"
"2","** testing if installed package can be loaded from final location
"
"2","** testing if installed package keeps a record of temporary installation path
"
"2","* DONE (SQUAREM)
"
"2","* installing *source* package ‘iterators’ ...
"
"2","** package ‘iterators’ successfully unpacked and MD5 sums checked
"
"2","** using staged installation
"
"2","** R
"
"2","** inst
"
"2","** byte-compile and prepare package for lazy loading
"
"2","** help
"
"2","*** installing help indices
"
"2","** building package indices
"
"2","** installing vignettes
"
"2","** testing if installed package can be loaded from temporary location
"
"2","** testing if installed package can be loaded from final location
"
"2","** testing if installed package keeps a record of temporary installation path
"
"2","* DONE (iterators)
"
"2","* installing *source* package ‘clock’ ...
"
"2","** package ‘clock’ successfully unpacked and MD5 sums checked
"
"2","** using staged installation
"
"2","** libs
"
"2","using C++ compiler: ‘g++ (Ubuntu 13.3.0-6ubuntu2~24.04) 13.3.0’
"
"1","g++ -std=gnu++17 -I""/usr/share/R/include"" -DNDEBUG  -I'/home/pius/R/x86_64-pc-linux-gnu-library/4.4/cpp11/include' -I'/home/pius/R/x86_64-pc-linux-gnu-library/4.4/tzdb/include'     -fpic  -g -O2 -fno-omit-frame-pointer -mno-omit-leaf-frame-pointer -ffile-prefix-map=/build/r-base-4sITk6/r-base-4.4.2=. -fstack-protector-strong -fstack-clash-protection -Wformat -Werror=format-security -fcf-protection -fdebug-prefix-map=/build/r-base-4sITk6/r-base-4.4.2=/usr/src/r-base-4.4.2-1.2404.0 -Wdate-time -D_FORTIFY_SOURCE=3   -c cpp11.cpp -o cpp11.o
"
"1","g++ -std=gnu++17 -I""/usr/share/R/include"" -DNDEBUG  -I'/home/pius/R/x86_64-pc-linux-gnu-library/4.4/cpp11/include' -I'/home/pius/R/x86_64-pc-linux-gnu-library/4.4/tzdb/include'     -fpic  -g -O2 -fno-omit-frame-pointer -mno-omit-leaf-frame-pointer -ffile-prefix-map=/build/r-base-4sITk6/r-base-4.4.2=. -fstack-protector-strong -fstack-clash-protection -Wformat -Werror=format-security -fcf-protection -fdebug-prefix-map=/build/r-base-4sITk6/r-base-4.4.2=/usr/src/r-base-4.4.2-1.2404.0 -Wdate-time -D_FORTIFY_SOURCE=3   -c duration.cpp -o duration.o
"
"1","g++ -std=gnu++17 -I""/usr/share/R/include"" -DNDEBUG  -I'/home/pius/R/x86_64-pc-linux-gnu-library/4.4/cpp11/include' -I'/home/pius/R/x86_64-pc-linux-gnu-library/4.4/tzdb/include'     -fpic  -g -O2 -fno-omit-frame-pointer -mno-omit-leaf-frame-pointer -ffile-prefix-map=/build/r-base-4sITk6/r-base-4.4.2=. -fstack-protector-strong -fstack-clash-protection -Wformat -Werror=format-security -fcf-protection -fdebug-prefix-map=/build/r-base-4sITk6/r-base-4.4.2=/usr/src/r-base-4.4.2-1.2404.0 -Wdate-time -D_FORTIFY_SOURCE=3   -c enums.cpp -o enums.o
"
"1","g++ -std=gnu++17 -I""/usr/share/R/include"" -DNDEBUG  -I'/home/pius/R/x86_64-pc-linux-gnu-library/4.4/cpp11/include' -I'/home/pius/R/x86_64-pc-linux-gnu-library/4.4/tzdb/include'     -fpic  -g -O2 -fno-omit-frame-pointer -mno-omit-leaf-frame-pointer -ffile-prefix-map=/build/r-base-4sITk6/r-base-4.4.2=. -fstack-protector-strong -fstack-clash-protection -Wformat -Werror=format-security -fcf-protection -fdebug-prefix-map=/build/r-base-4sITk6/r-base-4.4.2=/usr/src/r-base-4.4.2-1.2404.0 -Wdate-time -D_FORTIFY_SOURCE=3   -c format.cpp -o format.o
"
"1","g++ -std=gnu++17 -I""/usr/share/R/include"" -DNDEBUG  -I'/home/pius/R/x86_64-pc-linux-gnu-library/4.4/cpp11/include' -I'/home/pius/R/x86_64-pc-linux-gnu-library/4.4/tzdb/include'     -fpic  -g -O2 -fno-omit-frame-pointer -mno-omit-leaf-frame-pointer -ffile-prefix-map=/build/r-base-4sITk6/r-base-4.4.2=. -fstack-protector-strong -fstack-clash-protection -Wformat -Werror=format-security -fcf-protection -fdebug-prefix-map=/build/r-base-4sITk6/r-base-4.4.2=/usr/src/r-base-4.4.2-1.2404.0 -Wdate-time -D_FORTIFY_SOURCE=3   -c gregorian-year-day.cpp -o gregorian-year-day.o
"
"1","g++ -std=gnu++17 -I""/usr/share/R/include"" -DNDEBUG  -I'/home/pius/R/x86_64-pc-linux-gnu-library/4.4/cpp11/include' -I'/home/pius/R/x86_64-pc-linux-gnu-library/4.4/tzdb/include'     -fpic  -g -O2 -fno-omit-frame-pointer -mno-omit-leaf-frame-pointer -ffile-prefix-map=/build/r-base-4sITk6/r-base-4.4.2=. -fstack-protector-strong -fstack-clash-protection -Wformat -Werror=format-security -fcf-protection -fdebug-prefix-map=/build/r-base-4sITk6/r-base-4.4.2=/usr/src/r-base-4.4.2-1.2404.0 -Wdate-time -D_FORTIFY_SOURCE=3   -c gregorian-year-month-day.cpp -o gregorian-year-month-day.o
"
"1","g++ -std=gnu++17 -I""/usr/share/R/include"" -DNDEBUG  -I'/home/pius/R/x86_64-pc-linux-gnu-library/4.4/cpp11/include' -I'/home/pius/R/x86_64-pc-linux-gnu-library/4.4/tzdb/include'     -fpic  -g -O2 -fno-omit-frame-pointer -mno-omit-leaf-frame-pointer -ffile-prefix-map=/build/r-base-4sITk6/r-base-4.4.2=. -fstack-protector-strong -fstack-clash-protection -Wformat -Werror=format-security -fcf-protection -fdebug-prefix-map=/build/r-base-4sITk6/r-base-4.4.2=/usr/src/r-base-4.4.2-1.2404.0 -Wdate-time -D_FORTIFY_SOURCE=3   -c gregorian-year-month-weekday.cpp -o gregorian-year-month-weekday.o
"
"1","g++ -std=gnu++17 -I""/usr/share/R/include"" -DNDEBUG  -I'/home/pius/R/x86_64-pc-linux-gnu-library/4.4/cpp11/include' -I'/home/pius/R/x86_64-pc-linux-gnu-library/4.4/tzdb/include'     -fpic  -g -O2 -fno-omit-frame-pointer -mno-omit-leaf-frame-pointer -ffile-prefix-map=/build/r-base-4sITk6/r-base-4.4.2=. -fstack-protector-strong -fstack-clash-protection -Wformat -Werror=format-security -fcf-protection -fdebug-prefix-map=/build/r-base-4sITk6/r-base-4.4.2=/usr/src/r-base-4.4.2-1.2404.0 -Wdate-time -D_FORTIFY_SOURCE=3   -c iso-year-week-day.cpp -o iso-year-week-day.o
"
"1","g++ -std=gnu++17 -I""/usr/share/R/include"" -DNDEBUG  -I'/home/pius/R/x86_64-pc-linux-gnu-library/4.4/cpp11/include' -I'/home/pius/R/x86_64-pc-linux-gnu-library/4.4/tzdb/include'     -fpic  -g -O2 -fno-omit-frame-pointer -mno-omit-leaf-frame-pointer -ffile-prefix-map=/build/r-base-4sITk6/r-base-4.4.2=. -fstack-protector-strong -fstack-clash-protection -Wformat -Werror=format-security -fcf-protection -fdebug-prefix-map=/build/r-base-4sITk6/r-base-4.4.2=/usr/src/r-base-4.4.2-1.2404.0 -Wdate-time -D_FORTIFY_SOURCE=3   -c limits.cpp -o limits.o
"
"1","g++ -std=gnu++17 -I""/usr/share/R/include"" -DNDEBUG  -I'/home/pius/R/x86_64-pc-linux-gnu-library/4.4/cpp11/include' -I'/home/pius/R/x86_64-pc-linux-gnu-library/4.4/tzdb/include'     -fpic  -g -O2 -fno-omit-frame-pointer -mno-omit-leaf-frame-pointer -ffile-prefix-map=/build/r-base-4sITk6/r-base-4.4.2=. -fstack-protector-strong -fstack-clash-protection -Wformat -Werror=format-security -fcf-protection -fdebug-prefix-map=/build/r-base-4sITk6/r-base-4.4.2=/usr/src/r-base-4.4.2-1.2404.0 -Wdate-time -D_FORTIFY_SOURCE=3   -c naive-time.cpp -o naive-time.o
"
"1","g++ -std=gnu++17 -I""/usr/share/R/include"" -DNDEBUG  -I'/home/pius/R/x86_64-pc-linux-gnu-library/4.4/cpp11/include' -I'/home/pius/R/x86_64-pc-linux-gnu-library/4.4/tzdb/include'     -fpic  -g -O2 -fno-omit-frame-pointer -mno-omit-leaf-frame-pointer -ffile-prefix-map=/build/r-base-4sITk6/r-base-4.4.2=. -fstack-protector-strong -fstack-clash-protection -Wformat -Werror=format-security -fcf-protection -fdebug-prefix-map=/build/r-base-4sITk6/r-base-4.4.2=/usr/src/r-base-4.4.2-1.2404.0 -Wdate-time -D_FORTIFY_SOURCE=3   -c quarterly-year-quarter-day.cpp -o quarterly-year-quarter-day.o
"
"1","g++ -std=gnu++17 -I""/usr/share/R/include"" -DNDEBUG  -I'/home/pius/R/x86_64-pc-linux-gnu-library/4.4/cpp11/include' -I'/home/pius/R/x86_64-pc-linux-gnu-library/4.4/tzdb/include'     -fpic  -g -O2 -fno-omit-frame-pointer -mno-omit-leaf-frame-pointer -ffile-prefix-map=/build/r-base-4sITk6/r-base-4.4.2=. -fstack-protector-strong -fstack-clash-protection -Wformat -Werror=format-security -fcf-protection -fdebug-prefix-map=/build/r-base-4sITk6/r-base-4.4.2=/usr/src/r-base-4.4.2-1.2404.0 -Wdate-time -D_FORTIFY_SOURCE=3   -c rcrd.cpp -o rcrd.o
"
"1","g++ -std=gnu++17 -I""/usr/share/R/include"" -DNDEBUG  -I'/home/pius/R/x86_64-pc-linux-gnu-library/4.4/cpp11/include' -I'/home/pius/R/x86_64-pc-linux-gnu-library/4.4/tzdb/include'     -fpic  -g -O2 -fno-omit-frame-pointer -mno-omit-leaf-frame-pointer -ffile-prefix-map=/build/r-base-4sITk6/r-base-4.4.2=. -fstack-protector-strong -fstack-clash-protection -Wformat -Werror=format-security -fcf-protection -fdebug-prefix-map=/build/r-base-4sITk6/r-base-4.4.2=/usr/src/r-base-4.4.2-1.2404.0 -Wdate-time -D_FORTIFY_SOURCE=3   -c sys-time.cpp -o sys-time.o
"
"1","g++ -std=gnu++17 -I""/usr/share/R/include"" -DNDEBUG  -I'/home/pius/R/x86_64-pc-linux-gnu-library/4.4/cpp11/include' -I'/home/pius/R/x86_64-pc-linux-gnu-library/4.4/tzdb/include'     -fpic  -g -O2 -fno-omit-frame-pointer -mno-omit-leaf-frame-pointer -ffile-prefix-map=/build/r-base-4sITk6/r-base-4.4.2=. -fstack-protector-strong -fstack-clash-protection -Wformat -Werror=format-security -fcf-protection -fdebug-prefix-map=/build/r-base-4sITk6/r-base-4.4.2=/usr/src/r-base-4.4.2-1.2404.0 -Wdate-time -D_FORTIFY_SOURCE=3   -c time-point.cpp -o time-point.o
"
"1","g++ -std=gnu++17 -I""/usr/share/R/include"" -DNDEBUG  -I'/home/pius/R/x86_64-pc-linux-gnu-library/4.4/cpp11/include' -I'/home/pius/R/x86_64-pc-linux-gnu-library/4.4/tzdb/include'     -fpic  -g -O2 -fno-omit-frame-pointer -mno-omit-leaf-frame-pointer -ffile-prefix-map=/build/r-base-4sITk6/r-base-4.4.2=. -fstack-protector-strong -fstack-clash-protection -Wformat -Werror=format-security -fcf-protection -fdebug-prefix-map=/build/r-base-4sITk6/r-base-4.4.2=/usr/src/r-base-4.4.2-1.2404.0 -Wdate-time -D_FORTIFY_SOURCE=3   -c utils.cpp -o utils.o
"
"1","g++ -std=gnu++17 -I""/usr/share/R/include"" -DNDEBUG  -I'/home/pius/R/x86_64-pc-linux-gnu-library/4.4/cpp11/include' -I'/home/pius/R/x86_64-pc-linux-gnu-library/4.4/tzdb/include'     -fpic  -g -O2 -fno-omit-frame-pointer -mno-omit-leaf-frame-pointer -ffile-prefix-map=/build/r-base-4sITk6/r-base-4.4.2=. -fstack-protector-strong -fstack-clash-protection -Wformat -Werror=format-security -fcf-protection -fdebug-prefix-map=/build/r-base-4sITk6/r-base-4.4.2=/usr/src/r-base-4.4.2-1.2404.0 -Wdate-time -D_FORTIFY_SOURCE=3   -c week-year-week-day.cpp -o week-year-week-day.o
"
"1","g++ -std=gnu++17 -I""/usr/share/R/include"" -DNDEBUG  -I'/home/pius/R/x86_64-pc-linux-gnu-library/4.4/cpp11/include' -I'/home/pius/R/x86_64-pc-linux-gnu-library/4.4/tzdb/include'     -fpic  -g -O2 -fno-omit-frame-pointer -mno-omit-leaf-frame-pointer -ffile-prefix-map=/build/r-base-4sITk6/r-base-4.4.2=. -fstack-protector-strong -fstack-clash-protection -Wformat -Werror=format-security -fcf-protection -fdebug-prefix-map=/build/r-base-4sITk6/r-base-4.4.2=/usr/src/r-base-4.4.2-1.2404.0 -Wdate-time -D_FORTIFY_SOURCE=3   -c weekday.cpp -o weekday.o
"
"1","g++ -std=gnu++17 -I""/usr/share/R/include"" -DNDEBUG  -I'/home/pius/R/x86_64-pc-linux-gnu-library/4.4/cpp11/include' -I'/home/pius/R/x86_64-pc-linux-gnu-library/4.4/tzdb/include'     -fpic  -g -O2 -fno-omit-frame-pointer -mno-omit-leaf-frame-pointer -ffile-prefix-map=/build/r-base-4sITk6/r-base-4.4.2=. -fstack-protector-strong -fstack-clash-protection -Wformat -Werror=format-security -fcf-protection -fdebug-prefix-map=/build/r-base-4sITk6/r-base-4.4.2=/usr/src/r-base-4.4.2-1.2404.0 -Wdate-time -D_FORTIFY_SOURCE=3   -c zone.cpp -o zone.o
"
"1","g++ -std=gnu++17 -I""/usr/share/R/include"" -DNDEBUG  -I'/home/pius/R/x86_64-pc-linux-gnu-library/4.4/cpp11/include' -I'/home/pius/R/x86_64-pc-linux-gnu-library/4.4/tzdb/include'     -fpic  -g -O2 -fno-omit-frame-pointer -mno-omit-leaf-frame-pointer -ffile-prefix-map=/build/r-base-4sITk6/r-base-4.4.2=. -fstack-protector-strong -fstack-clash-protection -Wformat -Werror=format-security -fcf-protection -fdebug-prefix-map=/build/r-base-4sITk6/r-base-4.4.2=/usr/src/r-base-4.4.2-1.2404.0 -Wdate-time -D_FORTIFY_SOURCE=3   -c zoned-time.cpp -o zoned-time.o
"
"1","g++ -std=gnu++17 -shared -L/usr/lib/R/lib -Wl,-Bsymbolic-functions -flto=auto -ffat-lto-objects -Wl,-z,relro -o clock.so cpp11.o duration.o enums.o format.o gregorian-year-day.o gregorian-year-month-day.o gregorian-year-month-weekday.o iso-year-week-day.o limits.o naive-time.o quarterly-year-quarter-day.o rcrd.o sys-time.o time-point.o utils.o week-year-week-day.o weekday.o zone.o zoned-time.o -L/usr/lib/R/lib -lR
"
"2","installing to /home/pius/R/x86_64-pc-linux-gnu-library/4.4/00LOCK-clock/00new/clock/libs
"
"2","** R
"
"2","** data
"
"2","*** moving datasets to lazyload DB
"
"2","** inst
"
"2","** byte-compile and prepare package for lazy loading
"
"2","** help
"
"2","*** installing help indices
"
"2","*** copying figures
"
"2","** building package indices
"
"2","** installing vignettes
"
"2","** testing if installed package can be loaded from temporary location
"
"2","** checking absolute paths in shared objects and dynamic libraries
"
"2","** testing if installed package can be loaded from final location
"
"2","** testing if installed package keeps a record of temporary installation path
"
"2","* DONE (clock)
"
"2","* installing *source* package ‘gower’ ...
"
"2","** package ‘gower’ successfully unpacked and MD5 sums checked
"
"2","** using staged installation
"
"2","** libs
"
"2","using C compiler: ‘gcc (Ubuntu 13.3.0-6ubuntu2~24.04) 13.3.0’
"
"1","gcc -I""/usr/share/R/include"" -DNDEBUG      -fopenmp -fpic  -g -O2 -fno-omit-frame-pointer -mno-omit-leaf-frame-pointer -ffile-prefix-map=/build/r-base-4sITk6/r-base-4.4.2=. -fstack-protector-strong -fstack-clash-protection -Wformat -Werror=format-security -fcf-protection -fdebug-prefix-map=/build/r-base-4sITk6/r-base-4.4.2=/usr/src/r-base-4.4.2-1.2404.0 -Wdate-time -D_FORTIFY_SOURCE=3  -c R_register_native.c -o R_register_native.o
"
"1","gcc -I""/usr/share/R/include"" -DNDEBUG      -fopenmp -fpic  -g -O2 -fno-omit-frame-pointer -mno-omit-leaf-frame-pointer -ffile-prefix-map=/build/r-base-4sITk6/r-base-4.4.2=. -fstack-protector-strong -fstack-clash-protection -Wformat -Werror=format-security -fcf-protection -fdebug-prefix-map=/build/r-base-4sITk6/r-base-4.4.2=/usr/src/r-base-4.4.2-1.2404.0 -Wdate-time -D_FORTIFY_SOURCE=3  -c gower.c -o gower.o
"
"1","gcc -shared -L/usr/lib/R/lib -Wl,-Bsymbolic-functions -flto=auto -ffat-lto-objects -Wl,-z,relro -o gower.so R_register_native.o gower.o -fopenmp -L/usr/lib/R/lib -lR
"
"2","installing to /home/pius/R/x86_64-pc-linux-gnu-library/4.4/00LOCK-gower/00new/gower/libs
"
"2","** R
"
"2","** inst
"
"2","** byte-compile and prepare package for lazy loading
"
"2","** help
"
"2","*** installing help indices
"
"2","** building package indices
"
"2","** installing vignettes
"
"2","** testing if installed package can be loaded from temporary location
"
"2","** checking absolute paths in shared objects and dynamic libraries
"
"2","** testing if installed package can be loaded from final location
"
"2","** testing if installed package keeps a record of temporary installation path
"
"2","* DONE (gower)
"
"2","* installing *source* package ‘hardhat’ ...
"
"2","** package ‘hardhat’ successfully unpacked and MD5 sums checked
"
"2","** using staged installation
"
"2","** R
"
"2","** data
"
"2","*** moving datasets to lazyload DB
"
"2","** inst
"
"2","** byte-compile and prepare package for lazy loading
"
"2","** help
"
"2","*** installing help indices
"
"2","*** copying figures
"
"2","** building package indices
"
"2","** installing vignettes
"
"2","** testing if installed package can be loaded from temporary location
"
"2","** testing if installed package can be loaded from final location
"
"2","** testing if installed package keeps a record of temporary installation path
"
"2","* DONE (hardhat)
"
"2","* installing *source* package ‘timeDate’ ...
"
"2","** package ‘timeDate’ successfully unpacked and MD5 sums checked
"
"2","** using staged installation
"
"2","** R
"
"2","** inst
"
"2","** byte-compile and prepare package for lazy loading
"
"1","Creating a generic function for ‘sample’ from package ‘base’ in package ‘timeDate’
Creating a generic function for ‘getDataPart’ from package ‘methods’ in package ‘timeDate’
Creating a generic function for ‘abline’ from package ‘graphics’ in package ‘timeDate’
"
"2","** help
"
"2","*** installing help indices
"
"2","** building package indices
"
"2","** testing if installed package can be loaded from temporary location
"
"2","** testing if installed package can be loaded from final location
"
"2","** testing if installed package keeps a record of temporary installation path
"
"2","* DONE (timeDate)
"
"2","* installing *source* package ‘ModelMetrics’ ...
"
"2","** package ‘ModelMetrics’ successfully unpacked and MD5 sums checked
"
"2","** using staged installation
"
"2","** libs
"
"2","using C++ compiler: ‘g++ (Ubuntu 13.3.0-6ubuntu2~24.04) 13.3.0’
"
"1","g++ -std=gnu++17 -I""/usr/share/R/include"" -DNDEBUG  -I'/home/pius/R/x86_64-pc-linux-gnu-library/4.4/Rcpp/include'     -fpic  -g -O2 -fno-omit-frame-pointer -mno-omit-leaf-frame-pointer -ffile-prefix-map=/build/r-base-4sITk6/r-base-4.4.2=. -fstack-protector-strong -fstack-clash-protection -Wformat -Werror=format-security -fcf-protection -fdebug-prefix-map=/build/r-base-4sITk6/r-base-4.4.2=/usr/src/r-base-4.4.2-1.2404.0 -Wdate-time -D_FORTIFY_SOURCE=3   -c RcppExports.cpp -o RcppExports.o
"
"1","g++ -std=gnu++17 -I""/usr/share/R/include"" -DNDEBUG  -I'/home/pius/R/x86_64-pc-linux-gnu-library/4.4/Rcpp/include'     -fpic  -g -O2 -fno-omit-frame-pointer -mno-omit-leaf-frame-pointer -ffile-prefix-map=/build/r-base-4sITk6/r-base-4.4.2=. -fstack-protector-strong -fstack-clash-protection -Wformat -Werror=format-security -fcf-protection -fdebug-prefix-map=/build/r-base-4sITk6/r-base-4.4.2=/usr/src/r-base-4.4.2-1.2404.0 -Wdate-time -D_FORTIFY_SOURCE=3   -c auc_.cpp -o auc_.o
"
"1","g++ -std=gnu++17 -I""/usr/share/R/include"" -DNDEBUG  -I'/home/pius/R/x86_64-pc-linux-gnu-library/4.4/Rcpp/include'     -fpic  -g -O2 -fno-omit-frame-pointer -mno-omit-leaf-frame-pointer -ffile-prefix-map=/build/r-base-4sITk6/r-base-4.4.2=. -fstack-protector-strong -fstack-clash-protection -Wformat -Werror=format-security -fcf-protection -fdebug-prefix-map=/build/r-base-4sITk6/r-base-4.4.2=/usr/src/r-base-4.4.2-1.2404.0 -Wdate-time -D_FORTIFY_SOURCE=3   -c confusionMatrix_.cpp -o confusionMatrix_.o
"
"1","g++ -std=gnu++17 -I""/usr/share/R/include"" -DNDEBUG  -I'/home/pius/R/x86_64-pc-linux-gnu-library/4.4/Rcpp/include'     -fpic  -g -O2 -fno-omit-frame-pointer -mno-omit-leaf-frame-pointer -ffile-prefix-map=/build/r-base-4sITk6/r-base-4.4.2=. -fstack-protector-strong -fstack-clash-protection -Wformat -Werror=format-security -fcf-protection -fdebug-prefix-map=/build/r-base-4sITk6/r-base-4.4.2=/usr/src/r-base-4.4.2-1.2404.0 -Wdate-time -D_FORTIFY_SOURCE=3   -c error.cpp -o error.o
"
"1","g++ -std=gnu++17 -I""/usr/share/R/include"" -DNDEBUG  -I'/home/pius/R/x86_64-pc-linux-gnu-library/4.4/Rcpp/include'     -fpic  -g -O2 -fno-omit-frame-pointer -mno-omit-leaf-frame-pointer -ffile-prefix-map=/build/r-base-4sITk6/r-base-4.4.2=. -fstack-protector-strong -fstack-clash-protection -Wformat -Werror=format-security -fcf-protection -fdebug-prefix-map=/build/r-base-4sITk6/r-base-4.4.2=/usr/src/r-base-4.4.2-1.2404.0 -Wdate-time -D_FORTIFY_SOURCE=3   -c gini_.cpp -o gini_.o
"
"1","g++ -std=gnu++17 -I""/usr/share/R/include"" -DNDEBUG  -I'/home/pius/R/x86_64-pc-linux-gnu-library/4.4/Rcpp/include'     -fpic  -g -O2 -fno-omit-frame-pointer -mno-omit-leaf-frame-pointer -ffile-prefix-map=/build/r-base-4sITk6/r-base-4.4.2=. -fstack-protector-strong -fstack-clash-protection -Wformat -Werror=format-security -fcf-protection -fdebug-prefix-map=/build/r-base-4sITk6/r-base-4.4.2=/usr/src/r-base-4.4.2-1.2404.0 -Wdate-time -D_FORTIFY_SOURCE=3   -c logLoss_.cpp -o logLoss_.o
"
"1","g++ -std=gnu++17 -shared -L/usr/lib/R/lib -Wl,-Bsymbolic-functions -flto=auto -ffat-lto-objects -Wl,-z,relro -o ModelMetrics.so RcppExports.o auc_.o confusionMatrix_.o error.o gini_.o logLoss_.o -L/usr/lib/R/lib -lR
"
"2","installing to /home/pius/R/x86_64-pc-linux-gnu-library/4.4/00LOCK-ModelMetrics/00new/ModelMetrics/libs
"
"2","** R
"
"2","** data
"
"2","*** moving datasets to lazyload DB
"
"2","** byte-compile and prepare package for lazy loading
"
"2","** help
"
"2","*** installing help indices
"
"2","** building package indices
"
"2","** testing if installed package can be loaded from temporary location
"
"2","** checking absolute paths in shared objects and dynamic libraries
"
"2","** testing if installed package can be loaded from final location
"
"2","** testing if installed package keeps a record of temporary installation path
"
"2","* DONE (ModelMetrics)
"
"2","* installing *source* package ‘plyr’ ...
"
"2","** package ‘plyr’ successfully unpacked and MD5 sums checked
"
"2","** using staged installation
"
"2","** libs
"
"2","using C compiler: ‘gcc (Ubuntu 13.3.0-6ubuntu2~24.04) 13.3.0’
"
"2","using C++ compiler: ‘g++ (Ubuntu 13.3.0-6ubuntu2~24.04) 13.3.0’
"
"1","g++ -std=gnu++17 -I""/usr/share/R/include"" -DNDEBUG  -I'/home/pius/R/x86_64-pc-linux-gnu-library/4.4/Rcpp/include'     -fpic  -g -O2 -fno-omit-frame-pointer -mno-omit-leaf-frame-pointer -ffile-prefix-map=/build/r-base-4sITk6/r-base-4.4.2=. -fstack-protector-strong -fstack-clash-protection -Wformat -Werror=format-security -fcf-protection -fdebug-prefix-map=/build/r-base-4sITk6/r-base-4.4.2=/usr/src/r-base-4.4.2-1.2404.0 -Wdate-time -D_FORTIFY_SOURCE=3   -c RcppExports.cpp -o RcppExports.o
"
"1","gcc -I""/usr/share/R/include"" -DNDEBUG  -I'/home/pius/R/x86_64-pc-linux-gnu-library/4.4/Rcpp/include'     -fpic  -g -O2 -fno-omit-frame-pointer -mno-omit-leaf-frame-pointer -ffile-prefix-map=/build/r-base-4sITk6/r-base-4.4.2=. -fstack-protector-strong -fstack-clash-protection -Wformat -Werror=format-security -fcf-protection -fdebug-prefix-map=/build/r-base-4sITk6/r-base-4.4.2=/usr/src/r-base-4.4.2-1.2404.0 -Wdate-time -D_FORTIFY_SOURCE=3  -c loop_apply.c -o loop_apply.o
"
"1","g++ -std=gnu++17 -I""/usr/share/R/include"" -DNDEBUG  -I'/home/pius/R/x86_64-pc-linux-gnu-library/4.4/Rcpp/include'     -fpic  -g -O2 -fno-omit-frame-pointer -mno-omit-leaf-frame-pointer -ffile-prefix-map=/build/r-base-4sITk6/r-base-4.4.2=. -fstack-protector-strong -fstack-clash-protection -Wformat -Werror=format-security -fcf-protection -fdebug-prefix-map=/build/r-base-4sITk6/r-base-4.4.2=/usr/src/r-base-4.4.2-1.2404.0 -Wdate-time -D_FORTIFY_SOURCE=3   -c split-numeric.cpp -o split-numeric.o
"
"1","g++ -std=gnu++17 -shared -L/usr/lib/R/lib -Wl,-Bsymbolic-functions -flto=auto -ffat-lto-objects -Wl,-z,relro -o plyr.so RcppExports.o loop_apply.o split-numeric.o -L/usr/lib/R/lib -lR
"
"2","installing to /home/pius/R/x86_64-pc-linux-gnu-library/4.4/00LOCK-plyr/00new/plyr/libs
"
"2","** R
"
"2","** data
"
"2","*** moving datasets to lazyload DB
"
"2","** inst
"
"2","** byte-compile and prepare package for lazy loading
"
"2","** help
"
"2","*** installing help indices
"
"2","** building package indices
"
"2","** testing if installed package can be loaded from temporary location
"
"2","** checking absolute paths in shared objects and dynamic libraries
"
"2","** testing if installed package can be loaded from final location
"
"2","** testing if installed package keeps a record of temporary installation path
"
"2","* DONE (plyr)
"
"2","* installing *source* package ‘future’ ...
"
"2","** package ‘future’ successfully unpacked and MD5 sums checked
"
"2","** using staged installation
"
"2","** R
"
"2","** demo
"
"2","** inst
"
"2","** byte-compile and prepare package for lazy loading
"
"2","** help
"
"2","*** installing help indices
"
"2","*** copying figures
"
"2","** building package indices
"
"2","** installing vignettes
"
"2","** testing if installed package can be loaded from temporary location
"
"2","** testing if installed package can be loaded from final location
"
"2","** testing if installed package keeps a record of temporary installation path
"
"2","* DONE (future)
"
"2","* installing *source* package ‘diagram’ ...
"
"2","** package ‘diagram’ successfully unpacked and MD5 sums checked
"
"2","** using staged installation
"
"2","** R
"
"2","** data
"
"2","*** moving datasets to lazyload DB
"
"2","** demo
"
"2","** inst
"
"2","** byte-compile and prepare package for lazy loading
"
"2","** help
"
"2","*** installing help indices
"
"2","** building package indices
"
"2","** installing vignettes
"
"2","** testing if installed package can be loaded from temporary location
"
"2","** testing if installed package can be loaded from final location
"
"2","** testing if installed package keeps a record of temporary installation path
"
"2","* DONE (diagram)
"
"2","* installing *source* package ‘foreach’ ...
"
"2","** package ‘foreach’ successfully unpacked and MD5 sums checked
"
"2","** using staged installation
"
"2","** R
"
"2","** demo
"
"2","** inst
"
"2","** byte-compile and prepare package for lazy loading
"
"2","** help
"
"2","*** installing help indices
"
"2","** building package indices
"
"2","** installing vignettes
"
"2","** testing if installed package can be loaded from temporary location
"
"2","** testing if installed package can be loaded from final location
"
"2","** testing if installed package keeps a record of temporary installation path
"
"2","* DONE (foreach)
"
"2","* installing *source* package ‘pROC’ ...
"
"2","** package ‘pROC’ successfully unpacked and MD5 sums checked
"
"2","** using staged installation
"
"2","** libs
"
"2","using C++ compiler: ‘g++ (Ubuntu 13.3.0-6ubuntu2~24.04) 13.3.0’
"
"1","g++ -std=gnu++17 -I""/usr/share/R/include"" -DNDEBUG  -I'/home/pius/R/x86_64-pc-linux-gnu-library/4.4/Rcpp/include'     -fpic  -g -O2 -fno-omit-frame-pointer -mno-omit-leaf-frame-pointer -ffile-prefix-map=/build/r-base-4sITk6/r-base-4.4.2=. -fstack-protector-strong -fstack-clash-protection -Wformat -Werror=format-security -fcf-protection -fdebug-prefix-map=/build/r-base-4sITk6/r-base-4.4.2=/usr/src/r-base-4.4.2-1.2404.0 -Wdate-time -D_FORTIFY_SOURCE=3   -c RcppExports.cpp -o RcppExports.o
"
"1","g++ -std=gnu++17 -I""/usr/share/R/include"" -DNDEBUG  -I'/home/pius/R/x86_64-pc-linux-gnu-library/4.4/Rcpp/include'     -fpic  -g -O2 -fno-omit-frame-pointer -mno-omit-leaf-frame-pointer -ffile-prefix-map=/build/r-base-4sITk6/r-base-4.4.2=. -fstack-protector-strong -fstack-clash-protection -Wformat -Werror=format-security -fcf-protection -fdebug-prefix-map=/build/r-base-4sITk6/r-base-4.4.2=/usr/src/r-base-4.4.2-1.2404.0 -Wdate-time -D_FORTIFY_SOURCE=3   -c RcppVersion.cpp -o RcppVersion.o
"
"1","g++ -std=gnu++17 -I""/usr/share/R/include"" -DNDEBUG  -I'/home/pius/R/x86_64-pc-linux-gnu-library/4.4/Rcpp/include'     -fpic  -g -O2 -fno-omit-frame-pointer -mno-omit-leaf-frame-pointer -ffile-prefix-map=/build/r-base-4sITk6/r-base-4.4.2=. -fstack-protector-strong -fstack-clash-protection -Wformat -Werror=format-security -fcf-protection -fdebug-prefix-map=/build/r-base-4sITk6/r-base-4.4.2=/usr/src/r-base-4.4.2-1.2404.0 -Wdate-time -D_FORTIFY_SOURCE=3   -c delong.cpp -o delong.o
"
"1","g++ -std=gnu++17 -I""/usr/share/R/include"" -DNDEBUG  -I'/home/pius/R/x86_64-pc-linux-gnu-library/4.4/Rcpp/include'     -fpic  -g -O2 -fno-omit-frame-pointer -mno-omit-leaf-frame-pointer -ffile-prefix-map=/build/r-base-4sITk6/r-base-4.4.2=. -fstack-protector-strong -fstack-clash-protection -Wformat -Werror=format-security -fcf-protection -fdebug-prefix-map=/build/r-base-4sITk6/r-base-4.4.2=/usr/src/r-base-4.4.2-1.2404.0 -Wdate-time -D_FORTIFY_SOURCE=3   -c perfsAll.cpp -o perfsAll.o
"
"1","g++ -std=gnu++17 -shared -L/usr/lib/R/lib -Wl,-Bsymbolic-functions -flto=auto -ffat-lto-objects -Wl,-z,relro -o pROC.so RcppExports.o RcppVersion.o delong.o perfsAll.o -L/usr/lib/R/lib -lR
"
"2","installing to /home/pius/R/x86_64-pc-linux-gnu-library/4.4/00LOCK-pROC/00new/pROC/libs
"
"2","** R
"
"2","** data
"
"2","*** moving datasets to lazyload DB
"
"2","** inst
"
"2","** byte-compile and prepare package for lazy loading
"
"2","** help
"
"2","*** installing help indices
"
"2","** building package indices
"
"2","** testing if installed package can be loaded from temporary location
"
"2","** checking absolute paths in shared objects and dynamic libraries
"
"2","** testing if installed package can be loaded from final location
"
"2","** testing if installed package keeps a record of temporary installation path
"
"2","* DONE (pROC)
"
"2","* installing *source* package ‘reshape2’ ...
"
"2","** package ‘reshape2’ successfully unpacked and MD5 sums checked
"
"2","** using staged installation
"
"2","** libs
"
"2","using C++ compiler: ‘g++ (Ubuntu 13.3.0-6ubuntu2~24.04) 13.3.0’
"
"1","g++ -std=gnu++17 -I""/usr/share/R/include"" -DNDEBUG  -I'/home/pius/R/x86_64-pc-linux-gnu-library/4.4/Rcpp/include'     -fpic  -g -O2 -fno-omit-frame-pointer -mno-omit-leaf-frame-pointer -ffile-prefix-map=/build/r-base-4sITk6/r-base-4.4.2=. -fstack-protector-strong -fstack-clash-protection -Wformat -Werror=format-security -fcf-protection -fdebug-prefix-map=/build/r-base-4sITk6/r-base-4.4.2=/usr/src/r-base-4.4.2-1.2404.0 -Wdate-time -D_FORTIFY_SOURCE=3   -c RcppExports.cpp -o RcppExports.o
"
"1","g++ -std=gnu++17 -I""/usr/share/R/include"" -DNDEBUG  -I'/home/pius/R/x86_64-pc-linux-gnu-library/4.4/Rcpp/include'     -fpic  -g -O2 -fno-omit-frame-pointer -mno-omit-leaf-frame-pointer -ffile-prefix-map=/build/r-base-4sITk6/r-base-4.4.2=. -fstack-protector-strong -fstack-clash-protection -Wformat -Werror=format-security -fcf-protection -fdebug-prefix-map=/build/r-base-4sITk6/r-base-4.4.2=/usr/src/r-base-4.4.2-1.2404.0 -Wdate-time -D_FORTIFY_SOURCE=3   -c melt.cpp -o melt.o
"
"1","g++ -std=gnu++17 -shared -L/usr/lib/R/lib -Wl,-Bsymbolic-functions -flto=auto -ffat-lto-objects -Wl,-z,relro -o reshape2.so RcppExports.o melt.o -L/usr/lib/R/lib -lR
"
"2","installing to /home/pius/R/x86_64-pc-linux-gnu-library/4.4/00LOCK-reshape2/00new/reshape2/libs
"
"2","** R
"
"2","** data
"
"2","*** moving datasets to lazyload DB
"
"2","** inst
"
"2","** byte-compile and prepare package for lazy loading
"
"2","** help
"
"2","*** installing help indices
"
"2","** building package indices
"
"2","** testing if installed package can be loaded from temporary location
"
"2","** checking absolute paths in shared objects and dynamic libraries
"
"2","** testing if installed package can be loaded from final location
"
"2","** testing if installed package keeps a record of temporary installation path
"
"2","* DONE (reshape2)
"
"2","* installing *source* package ‘future.apply’ ...
"
"2","** package ‘future.apply’ successfully unpacked and MD5 sums checked
"
"2","** using staged installation
"
"2","** R
"
"2","** inst
"
"2","** byte-compile and prepare package for lazy loading
"
"2","** help
"
"2","*** installing help indices
"
"2","** building package indices
"
"2","** installing vignettes
"
"2","** testing if installed package can be loaded from temporary location
"
"2","** testing if installed package can be loaded from final location
"
"2","** testing if installed package keeps a record of temporary installation path
"
"2","* DONE (future.apply)
"
"2","* installing *source* package ‘lava’ ...
"
"2","** package ‘lava’ successfully unpacked and MD5 sums checked
"
"2","** using staged installation
"
"2","** R
"
"2","** data
"
"2","** demo
"
"2","** inst
"
"2","** byte-compile and prepare package for lazy loading
"
"2","** help
"
"2","*** installing help indices
"
"2","*** copying figures
"
"2","** building package indices
"
"2","** installing vignettes
"
"2","** testing if installed package can be loaded from temporary location
"
"2","** testing if installed package can be loaded from final location
"
"2","** testing if installed package keeps a record of temporary installation path
"
"2","* DONE (lava)
"
"2","* installing *source* package ‘prodlim’ ...
"
"2","** package ‘prodlim’ successfully unpacked and MD5 sums checked
"
"2","** using staged installation
"
"2","** libs
"
"2","using C compiler: ‘gcc (Ubuntu 13.3.0-6ubuntu2~24.04) 13.3.0’
"
"1","gcc -I""/usr/share/R/include"" -DNDEBUG  -I'/home/pius/R/x86_64-pc-linux-gnu-library/4.4/Rcpp/include'     -fpic  -g -O2 -fno-omit-frame-pointer -mno-omit-leaf-frame-pointer -ffile-prefix-map=/build/r-base-4sITk6/r-base-4.4.2=. -fstack-protector-strong -fstack-clash-protection -Wformat -Werror=format-security -fcf-protection -fdebug-prefix-map=/build/r-base-4sITk6/r-base-4.4.2=/usr/src/r-base-4.4.2-1.2404.0 -Wdate-time -D_FORTIFY_SOURCE=3  -c GMLE.c -o GMLE.o
"
"1","gcc -I""/usr/share/R/include"" -DNDEBUG  -I'/home/pius/R/x86_64-pc-linux-gnu-library/4.4/Rcpp/include'     -fpic  -g -O2 -fno-omit-frame-pointer -mno-omit-leaf-frame-pointer -ffile-prefix-map=/build/r-base-4sITk6/r-base-4.4.2=. -fstack-protector-strong -fstack-clash-protection -Wformat -Werror=format-security -fcf-protection -fdebug-prefix-map=/build/r-base-4sITk6/r-base-4.4.2=/usr/src/r-base-4.4.2-1.2404.0 -Wdate-time -D_FORTIFY_SOURCE=3  -c IntIndex.c -o IntIndex.o
"
"1","gcc -I""/usr/share/R/include"" -DNDEBUG  -I'/home/pius/R/x86_64-pc-linux-gnu-library/4.4/Rcpp/include'     -fpic  -g -O2 -fno-omit-frame-pointer -mno-omit-leaf-frame-pointer -ffile-prefix-map=/build/r-base-4sITk6/r-base-4.4.2=. -fstack-protector-strong -fstack-clash-protection -Wformat -Werror=format-security -fcf-protection -fdebug-prefix-map=/build/r-base-4sITk6/r-base-4.4.2=/usr/src/r-base-4.4.2-1.2404.0 -Wdate-time -D_FORTIFY_SOURCE=3  -c icens_prodlim.c -o icens_prodlim.o
"
"1","gcc -I""/usr/share/R/include"" -DNDEBUG  -I'/home/pius/R/x86_64-pc-linux-gnu-library/4.4/Rcpp/include'     -fpic  -g -O2 -fno-omit-frame-pointer -mno-omit-leaf-frame-pointer -ffile-prefix-map=/build/r-base-4sITk6/r-base-4.4.2=. -fstack-protector-strong -fstack-clash-protection -Wformat -Werror=format-security -fcf-protection -fdebug-prefix-map=/build/r-base-4sITk6/r-base-4.4.2=/usr/src/r-base-4.4.2-1.2404.0 -Wdate-time -D_FORTIFY_SOURCE=3  -c icens_prodlim_ml.c -o icens_prodlim_ml.o
"
"1","gcc -I""/usr/share/R/include"" -DNDEBUG  -I'/home/pius/R/x86_64-pc-linux-gnu-library/4.4/Rcpp/include'     -fpic  -g -O2 -fno-omit-frame-pointer -mno-omit-leaf-frame-pointer -ffile-prefix-map=/build/r-base-4sITk6/r-base-4.4.2=. -fstack-protector-strong -fstack-clash-protection -Wformat -Werror=format-security -fcf-protection -fdebug-prefix-map=/build/r-base-4sITk6/r-base-4.4.2=/usr/src/r-base-4.4.2-1.2404.0 -Wdate-time -D_FORTIFY_SOURCE=3  -c iindex.c -o iindex.o
"
"1","gcc -I""/usr/share/R/include"" -DNDEBUG  -I'/home/pius/R/x86_64-pc-linux-gnu-library/4.4/Rcpp/include'     -fpic  -g -O2 -fno-omit-frame-pointer -mno-omit-leaf-frame-pointer -ffile-prefix-map=/build/r-base-4sITk6/r-base-4.4.2=. -fstack-protector-strong -fstack-clash-protection -Wformat -Werror=format-security -fcf-protection -fdebug-prefix-map=/build/r-base-4sITk6/r-base-4.4.2=/usr/src/r-base-4.4.2-1.2404.0 -Wdate-time -D_FORTIFY_SOURCE=3  -c init.c -o init.o
"
"1","gcc -I""/usr/share/R/include"" -DNDEBUG  -I'/home/pius/R/x86_64-pc-linux-gnu-library/4.4/Rcpp/include'     -fpic  -g -O2 -fno-omit-frame-pointer -mno-omit-leaf-frame-pointer -ffile-prefix-map=/build/r-base-4sITk6/r-base-4.4.2=. -fstack-protector-strong -fstack-clash-protection -Wformat -Werror=format-security -fcf-protection -fdebug-prefix-map=/build/r-base-4sITk6/r-base-4.4.2=/usr/src/r-base-4.4.2-1.2404.0 -Wdate-time -D_FORTIFY_SOURCE=3  -c life_table.c -o life_table.o
"
"1","gcc -I""/usr/share/R/include"" -DNDEBUG  -I'/home/pius/R/x86_64-pc-linux-gnu-library/4.4/Rcpp/include'     -fpic  -g -O2 -fno-omit-frame-pointer -mno-omit-leaf-frame-pointer -ffile-prefix-map=/build/r-base-4sITk6/r-base-4.4.2=. -fstack-protector-strong -fstack-clash-protection -Wformat -Werror=format-security -fcf-protection -fdebug-prefix-map=/build/r-base-4sITk6/r-base-4.4.2=/usr/src/r-base-4.4.2-1.2404.0 -Wdate-time -D_FORTIFY_SOURCE=3  -c loo.c -o loo.o
"
"1","gcc -I""/usr/share/R/include"" -DNDEBUG  -I'/home/pius/R/x86_64-pc-linux-gnu-library/4.4/Rcpp/include'     -fpic  -g -O2 -fno-omit-frame-pointer -mno-omit-leaf-frame-pointer -ffile-prefix-map=/build/r-base-4sITk6/r-base-4.4.2=. -fstack-protector-strong -fstack-clash-protection -Wformat -Werror=format-security -fcf-protection -fdebug-prefix-map=/build/r-base-4sITk6/r-base-4.4.2=/usr/src/r-base-4.4.2-1.2404.0 -Wdate-time -D_FORTIFY_SOURCE=3  -c neighborhood.c -o neighborhood.o
"
"1","gcc -I""/usr/share/R/include"" -DNDEBUG  -I'/home/pius/R/x86_64-pc-linux-gnu-library/4.4/Rcpp/include'     -fpic  -g -O2 -fno-omit-frame-pointer -mno-omit-leaf-frame-pointer -ffile-prefix-map=/build/r-base-4sITk6/r-base-4.4.2=. -fstack-protector-strong -fstack-clash-protection -Wformat -Werror=format-security -fcf-protection -fdebug-prefix-map=/build/r-base-4sITk6/r-base-4.4.2=/usr/src/r-base-4.4.2-1.2404.0 -Wdate-time -D_FORTIFY_SOURCE=3  -c predict.c -o predict.o
"
"1","gcc -I""/usr/share/R/include"" -DNDEBUG  -I'/home/pius/R/x86_64-pc-linux-gnu-library/4.4/Rcpp/include'     -fpic  -g -O2 -fno-omit-frame-pointer -mno-omit-leaf-frame-pointer -ffile-prefix-map=/build/r-base-4sITk6/r-base-4.4.2=. -fstack-protector-strong -fstack-clash-protection -Wformat -Werror=format-security -fcf-protection -fdebug-prefix-map=/build/r-base-4sITk6/r-base-4.4.2=/usr/src/r-base-4.4.2-1.2404.0 -Wdate-time -D_FORTIFY_SOURCE=3  -c predict_individual_survival.c -o predict_individual_survival.o
"
"1","gcc -I""/usr/share/R/include"" -DNDEBUG  -I'/home/pius/R/x86_64-pc-linux-gnu-library/4.4/Rcpp/include'     -fpic  -g -O2 -fno-omit-frame-pointer -mno-omit-leaf-frame-pointer -ffile-prefix-map=/build/r-base-4sITk6/r-base-4.4.2=. -fstack-protector-strong -fstack-clash-protection -Wformat -Werror=format-security -fcf-protection -fdebug-prefix-map=/build/r-base-4sITk6/r-base-4.4.2=/usr/src/r-base-4.4.2-1.2404.0 -Wdate-time -D_FORTIFY_SOURCE=3  -c prodlim.c -o prodlim.o
"
"1","gcc -I""/usr/share/R/include"" -DNDEBUG  -I'/home/pius/R/x86_64-pc-linux-gnu-library/4.4/Rcpp/include'     -fpic  -g -O2 -fno-omit-frame-pointer -mno-omit-leaf-frame-pointer -ffile-prefix-map=/build/r-base-4sITk6/r-base-4.4.2=. -fstack-protector-strong -fstack-clash-protection -Wformat -Werror=format-security -fcf-protection -fdebug-prefix-map=/build/r-base-4sITk6/r-base-4.4.2=/usr/src/r-base-4.4.2-1.2404.0 -Wdate-time -D_FORTIFY_SOURCE=3  -c prodlim_clustersurv.c -o prodlim_clustersurv.o
"
"1","gcc -I""/usr/share/R/include"" -DNDEBUG  -I'/home/pius/R/x86_64-pc-linux-gnu-library/4.4/Rcpp/include'     -fpic  -g -O2 -fno-omit-frame-pointer -mno-omit-leaf-frame-pointer -ffile-prefix-map=/build/r-base-4sITk6/r-base-4.4.2=. -fstack-protector-strong -fstack-clash-protection -Wformat -Werror=format-security -fcf-protection -fdebug-prefix-map=/build/r-base-4sITk6/r-base-4.4.2=/usr/src/r-base-4.4.2-1.2404.0 -Wdate-time -D_FORTIFY_SOURCE=3  -c prodlim_comprisk.c -o prodlim_comprisk.o
"
"1","gcc -I""/usr/share/R/include"" -DNDEBUG  -I'/home/pius/R/x86_64-pc-linux-gnu-library/4.4/Rcpp/include'     -fpic  -g -O2 -fno-omit-frame-pointer -mno-omit-leaf-frame-pointer -ffile-prefix-map=/build/r-base-4sITk6/r-base-4.4.2=. -fstack-protector-strong -fstack-clash-protection -Wformat -Werror=format-security -fcf-protection -fdebug-prefix-map=/build/r-base-4sITk6/r-base-4.4.2=/usr/src/r-base-4.4.2-1.2404.0 -Wdate-time -D_FORTIFY_SOURCE=3  -c prodlim_multistates.c -o prodlim_multistates.o
"
"1","gcc -I""/usr/share/R/include"" -DNDEBUG  -I'/home/pius/R/x86_64-pc-linux-gnu-library/4.4/Rcpp/include'     -fpic  -g -O2 -fno-omit-frame-pointer -mno-omit-leaf-frame-pointer -ffile-prefix-map=/build/r-base-4sITk6/r-base-4.4.2=. -fstack-protector-strong -fstack-clash-protection -Wformat -Werror=format-security -fcf-protection -fdebug-prefix-map=/build/r-base-4sITk6/r-base-4.4.2=/usr/src/r-base-4.4.2-1.2404.0 -Wdate-time -D_FORTIFY_SOURCE=3  -c prodlim_surv.c -o prodlim_surv.o
"
"1","gcc -I""/usr/share/R/include"" -DNDEBUG  -I'/home/pius/R/x86_64-pc-linux-gnu-library/4.4/Rcpp/include'     -fpic  -g -O2 -fno-omit-frame-pointer -mno-omit-leaf-frame-pointer -ffile-prefix-map=/build/r-base-4sITk6/r-base-4.4.2=. -fstack-protector-strong -fstack-clash-protection -Wformat -Werror=format-security -fcf-protection -fdebug-prefix-map=/build/r-base-4sITk6/r-base-4.4.2=/usr/src/r-base-4.4.2-1.2404.0 -Wdate-time -D_FORTIFY_SOURCE=3  -c sindex.c -o sindex.o
"
"1","gcc -I""/usr/share/R/include"" -DNDEBUG  -I'/home/pius/R/x86_64-pc-linux-gnu-library/4.4/Rcpp/include'     -fpic  -g -O2 -fno-omit-frame-pointer -mno-omit-leaf-frame-pointer -ffile-prefix-map=/build/r-base-4sITk6/r-base-4.4.2=. -fstack-protector-strong -fstack-clash-protection -Wformat -Werror=format-security -fcf-protection -fdebug-prefix-map=/build/r-base-4sITk6/r-base-4.4.2=/usr/src/r-base-4.4.2-1.2404.0 -Wdate-time -D_FORTIFY_SOURCE=3  -c summary_prodlim.c -o summary_prodlim.o
"
"1","gcc -shared -L/usr/lib/R/lib -Wl,-Bsymbolic-functions -flto=auto -ffat-lto-objects -Wl,-z,relro -o prodlim.so GMLE.o IntIndex.o icens_prodlim.o icens_prodlim_ml.o iindex.o init.o life_table.o loo.o neighborhood.o predict.o predict_individual_survival.o prodlim.o prodlim_clustersurv.o prodlim_comprisk.o prodlim_multistates.o prodlim_surv.o sindex.o summary_prodlim.o -L/usr/lib/R/lib -lR
"
"2","installing to /home/pius/R/x86_64-pc-linux-gnu-library/4.4/00LOCK-prodlim/00new/prodlim/libs
"
"2","** R
"
"2","** byte-compile and prepare package for lazy loading
"
"2","** help
"
"2","*** installing help indices
"
"2","** building package indices
"
"2","** testing if installed package can be loaded from temporary location
"
"2","** checking absolute paths in shared objects and dynamic libraries
"
"2","** testing if installed package can be loaded from final location
"
"2","** testing if installed package keeps a record of temporary installation path
"
"2","* DONE (prodlim)
"
"2","* installing *source* package ‘ipred’ ...
"
"2","** package ‘ipred’ successfully unpacked and MD5 sums checked
** using staged installation
"
"2","** libs
"
"2","using C compiler: ‘gcc (Ubuntu 13.3.0-6ubuntu2~24.04) 13.3.0’
"
"1","gcc -I""/usr/share/R/include"" -DNDEBUG       -fpic  -g -O2 -fno-omit-frame-pointer -mno-omit-leaf-frame-pointer -ffile-prefix-map=/build/r-base-4sITk6/r-base-4.4.2=. -fstack-protector-strong -fstack-clash-protection -Wformat -Werror=format-security -fcf-protection -fdebug-prefix-map=/build/r-base-4sITk6/r-base-4.4.2=/usr/src/r-base-4.4.2-1.2404.0 -Wdate-time -D_FORTIFY_SOURCE=3  -c SdiffKM.c -o SdiffKM.o
"
"1","gcc -I""/usr/share/R/include"" -DNDEBUG       -fpic  -g -O2 -fno-omit-frame-pointer -mno-omit-leaf-frame-pointer -ffile-prefix-map=/build/r-base-4sITk6/r-base-4.4.2=. -fstack-protector-strong -fstack-clash-protection -Wformat -Werror=format-security -fcf-protection -fdebug-prefix-map=/build/r-base-4sITk6/r-base-4.4.2=/usr/src/r-base-4.4.2-1.2404.0 -Wdate-time -D_FORTIFY_SOURCE=3  -c init.c -o init.o
"
"1","gcc -shared -L/usr/lib/R/lib -Wl,-Bsymbolic-functions -flto=auto -ffat-lto-objects -Wl,-z,relro -o ipred.so SdiffKM.o init.o -L/usr/lib/R/lib -lR
"
"2","installing to /home/pius/R/x86_64-pc-linux-gnu-library/4.4/00LOCK-ipred/00new/ipred/libs
"
"2","** R
"
"2","** data
"
"2","** inst
"
"2","** byte-compile and prepare package for lazy loading
"
"2","** help
"
"2","*** installing help indices
"
"2","** building package indices
"
"2","** installing vignettes
"
"2","** testing if installed package can be loaded from temporary location
"
"2","** checking absolute paths in shared objects and dynamic libraries
"
"2","** testing if installed package can be loaded from final location
"
"2","** testing if installed package keeps a record of temporary installation path
"
"2","* DONE (ipred)
"
"2","* installing *source* package ‘recipes’ ...
"
"2","** package ‘recipes’ successfully unpacked and MD5 sums checked
"
"2","** using staged installation
"
"2","** R
"
"2","** inst
"
"2","** byte-compile and prepare package for lazy loading
"
"2","** help
"
"2","*** installing help indices
"
"2","*** copying figures
"
"2","** building package indices
"
"2","** installing vignettes
"
"2","** testing if installed package can be loaded from temporary location
"
"2","** testing if installed package can be loaded from final location
"
"2","** testing if installed package keeps a record of temporary installation path
"
"2","* DONE (recipes)
"
"2","* installing *source* package ‘caret’ ...
"
"2","** package ‘caret’ successfully unpacked and MD5 sums checked
"
"2","** using staged installation
"
"2","** libs
"
"2","using C compiler: ‘gcc (Ubuntu 13.3.0-6ubuntu2~24.04) 13.3.0’
"
"1","gcc -I""/usr/share/R/include"" -DNDEBUG       -fpic  -g -O2 -fno-omit-frame-pointer -mno-omit-leaf-frame-pointer -ffile-prefix-map=/build/r-base-4sITk6/r-base-4.4.2=. -fstack-protector-strong -fstack-clash-protection -Wformat -Werror=format-security -fcf-protection -fdebug-prefix-map=/build/r-base-4sITk6/r-base-4.4.2=/usr/src/r-base-4.4.2-1.2404.0 -Wdate-time -D_FORTIFY_SOURCE=3  -c caret.c -o caret.o
"
"1","gcc -shared -L/usr/lib/R/lib -Wl,-Bsymbolic-functions -flto=auto -ffat-lto-objects -Wl,-z,relro -o caret.so caret.o -L/usr/lib/R/lib -lR
"
"2","installing to /home/pius/R/x86_64-pc-linux-gnu-library/4.4/00LOCK-caret/00new/caret/libs
"
"2","** R
"
"2","** data
"
"2","** inst
"
"2","** byte-compile and prepare package for lazy loading
"
"2","** help
"
"2","*** installing help indices
"
"2","** building package indices
"
"2","** installing vignettes
"
"2","** testing if installed package can be loaded from temporary location
"
"2","** checking absolute paths in shared objects and dynamic libraries
"
"2","** testing if installed package can be loaded from final location
"
"2","** testing if installed package keeps a record of temporary installation path
"
"2","* DONE (caret)
"
"2","
"
"2",""
"2","The downloaded source packages are in
	‘/tmp/RtmpXgHIas/downloaded_packages’"
"2",""
"2","
"
"0","library(tidyverse)"
"0","library(FNN)"
"0","library(corrplot)"
"2","corrplot 0.95 loaded
"
"0","library(tree)"
"0","library(caret)"
"2","Loading required package: lattice
"
"2","Registered S3 method overwritten by 'data.table':
  method           from
  print.data.table     
"
"2","
Attaching package: ‘caret’

"
"2","The following object is masked from ‘package:purrr’:

    lift

"
"0","options(warn=1)"
